/*
 Navicat Premium Data Transfer

 Source Server         : mysql
 Source Server Type    : MySQL
 Source Server Version : 80100
 Source Host           : localhost:3306
 Source Schema         : hrm_activiti

 Target Server Type    : MySQL
 Target Server Version : 80100
 File Encoding         : 65001

 Date: 28/04/2024 22:47:12
*/

SET NAMES utf8mb4;
SET FOREIGN_KEY_CHECKS = 0;

-- ----------------------------
-- Table structure for act_evt_log
-- ----------------------------
DROP TABLE IF EXISTS `act_evt_log`;
CREATE TABLE `act_evt_log`  (
  `LOG_NR_` bigint NOT NULL AUTO_INCREMENT,
  `TYPE_` varchar(64) CHARACTER SET utf8mb3 COLLATE utf8mb3_bin NULL DEFAULT NULL,
  `PROC_DEF_ID_` varchar(64) CHARACTER SET utf8mb3 COLLATE utf8mb3_bin NULL DEFAULT NULL,
  `PROC_INST_ID_` varchar(64) CHARACTER SET utf8mb3 COLLATE utf8mb3_bin NULL DEFAULT NULL,
  `EXECUTION_ID_` varchar(64) CHARACTER SET utf8mb3 COLLATE utf8mb3_bin NULL DEFAULT NULL,
  `TASK_ID_` varchar(64) CHARACTER SET utf8mb3 COLLATE utf8mb3_bin NULL DEFAULT NULL,
  `TIME_STAMP_` timestamp(3) NOT NULL,
  `USER_ID_` varchar(255) CHARACTER SET utf8mb3 COLLATE utf8mb3_bin NULL DEFAULT NULL,
  `DATA_` longblob NULL,
  `LOCK_OWNER_` varchar(255) CHARACTER SET utf8mb3 COLLATE utf8mb3_bin NULL DEFAULT NULL,
  `LOCK_TIME_` timestamp(3) NULL DEFAULT NULL,
  `IS_PROCESSED_` tinyint NULL DEFAULT 0,
  PRIMARY KEY (`LOG_NR_`) USING BTREE
) ENGINE = InnoDB CHARACTER SET = utf8mb3 COLLATE = utf8mb3_bin ROW_FORMAT = Dynamic;

-- ----------------------------
-- Records of act_evt_log
-- ----------------------------

-- ----------------------------
-- Table structure for act_ge_bytearray
-- ----------------------------
DROP TABLE IF EXISTS `act_ge_bytearray`;
CREATE TABLE `act_ge_bytearray`  (
  `ID_` varchar(64) CHARACTER SET utf8mb3 COLLATE utf8mb3_bin NOT NULL,
  `REV_` int NULL DEFAULT NULL,
  `NAME_` varchar(255) CHARACTER SET utf8mb3 COLLATE utf8mb3_bin NULL DEFAULT NULL,
  `DEPLOYMENT_ID_` varchar(64) CHARACTER SET utf8mb3 COLLATE utf8mb3_bin NULL DEFAULT NULL,
  `BYTES_` longblob NULL,
  `GENERATED_` tinyint NULL DEFAULT NULL,
  PRIMARY KEY (`ID_`) USING BTREE,
  INDEX `ACT_FK_BYTEARR_DEPL`(`DEPLOYMENT_ID_`) USING BTREE,
  CONSTRAINT `ACT_FK_BYTEARR_DEPL` FOREIGN KEY (`DEPLOYMENT_ID_`) REFERENCES `act_re_deployment` (`ID_`) ON DELETE RESTRICT ON UPDATE RESTRICT
) ENGINE = InnoDB CHARACTER SET = utf8mb3 COLLATE = utf8mb3_bin ROW_FORMAT = Dynamic;

-- ----------------------------
-- Records of act_ge_bytearray
-- ----------------------------
INSERT INTO `act_ge_bytearray` VALUES ('99cad054-0551-11ef-9f76-e02e0bf8bf06', 1, 'D:\\project\\idea\\hrm\\hrm\\target\\classes\\processes\\leave.bpmn20.xml', '99cad053-0551-11ef-9f76-e02e0bf8bf06', 0x3C3F786D6C2076657273696F6E3D22312E302220656E636F64696E673D225554462D38223F3E0D0A3C646566696E6974696F6E7320786D6C6E733D22687474703A2F2F7777772E6F6D672E6F72672F737065632F42504D4E2F32303130303532342F4D4F44454C2220786D6C6E733A7873693D22687474703A2F2F7777772E77332E6F72672F323030312F584D4C536368656D612D696E7374616E63652220786D6C6E733A7873643D22687474703A2F2F7777772E77332E6F72672F323030312F584D4C536368656D612220786D6C6E733A61637469766974693D22687474703A2F2F61637469766974692E6F72672F62706D6E2220786D6C6E733A62706D6E64693D22687474703A2F2F7777772E6F6D672E6F72672F737065632F42504D4E2F32303130303532342F44492220786D6C6E733A6F6D6764633D22687474703A2F2F7777772E6F6D672E6F72672F737065632F44442F32303130303532342F44432220786D6C6E733A6F6D6764693D22687474703A2F2F7777772E6F6D672E6F72672F737065632F44442F32303130303532342F44492220747970654C616E67756167653D22687474703A2F2F7777772E77332E6F72672F323030312F584D4C536368656D61222065787072657373696F6E4C616E67756167653D22687474703A2F2F7777772E77332E6F72672F313939392F585061746822207461726765744E616D6573706163653D22687474703A2F2F7777772E61637469766974692E6F72672F70726F63657373646566223E0D0A20203C70726F636573732069643D226C6561766522206E616D653D22E8AFB7E58187E6B581E7A88B2220697345786563757461626C653D2274727565223E0D0A202020203C73746172744576656E742069643D227369642D61303936323631322D333530342D343764632D396134352D323462366466623963633262222F3E0D0A202020203C757365725461736B2069643D2268725F617564697422206E616D653D22E4BABAE4BA8BE5AEA1E689B9222061637469766974693A63616E64696461746555736572733D22247B68727D222F3E0D0A202020203C73657175656E6365466C6F772069643D227369642D64346434633031332D353734662D346461392D386637622D3537343266666666333334322220736F757263655265663D227369642D61303936323631322D333530342D343764632D396134352D32346236646662396363326222207461726765745265663D226C656176655F6170706C79222F3E0D0A202020203C757365725461736B2069643D226D616E616765725F617564697422206E616D653D22E7BB8FE79086E5AEA1E689B9222061637469766974693A63616E64696461746555736572733D22247B6D616E616765727D222F3E0D0A202020203C73657175656E6365466C6F772069643D227369642D36613263303866362D633331612D346235642D613063352D3838383363616238366638302220736F757263655265663D2268725F617564697422207461726765745265663D226D616E616765725F6175646974223E0D0A2020202020203C657874656E73696F6E456C656D656E74733E0D0A20202020202020203C61637469766974693A657865637574696F6E4C697374656E6572206576656E743D2274616B65222064656C656761746545787072657373696F6E3D22247B6872417070726F76654C697374656E65727D222F3E0D0A2020202020203C2F657874656E73696F6E456C656D656E74733E0D0A2020202020203C636F6E646974696F6E45787072657373696F6E3E247B68724175646974537461747573203D3D20317D3C2F636F6E646974696F6E45787072657373696F6E3E0D0A202020203C2F73657175656E6365466C6F773E0D0A202020203C656E644576656E742069643D227369642D31353262656434342D633361372D346331632D613066632D396236633732623461333436222F3E0D0A202020203C73657175656E6365466C6F772069643D227369642D33646431376230372D346134362D343333302D613634312D3062346466376131313430392220736F757263655265663D226D616E616765725F617564697422207461726765745265663D227369642D31353262656434342D633361372D346331632D613066632D396236633732623461333436223E0D0A2020202020203C657874656E73696F6E456C656D656E74733E0D0A20202020202020203C61637469766974693A657865637574696F6E4C697374656E6572206576656E743D2274616B65222064656C656761746545787072657373696F6E3D22247B6D616E61676572417070726F76654C697374656E65727D222F3E0D0A2020202020203C2F657874656E73696F6E456C656D656E74733E0D0A2020202020203C636F6E646974696F6E45787072657373696F6E3E247B6D616E616765724175646974537461747573203D3D20317D3C2F636F6E646974696F6E45787072657373696F6E3E0D0A202020203C2F73657175656E6365466C6F773E0D0A202020203C757365725461736B2069643D226C656176655F6170706C7922206E616D653D22E8AFB7E58187E794B3E8AFB7222061637469766974693A61737369676E65653D22247B73746166667D222F3E0D0A202020203C73657175656E6365466C6F772069643D227369642D66366430373236382D313662662D343864352D616439652D3130666331376363633363322220736F757263655265663D226C656176655F6170706C7922207461726765745265663D2268725F6175646974222F3E0D0A202020203C73657175656E6365466C6F772069643D227369642D34383737376237642D626638612D343336652D613839312D3034366663653736366163652220736F757263655265663D2268725F617564697422207461726765745265663D226C656176655F6170706C79223E0D0A2020202020203C636F6E646974696F6E45787072657373696F6E3E247B68724175646974537461747573203D3D20327D3C2F636F6E646974696F6E45787072657373696F6E3E0D0A202020203C2F73657175656E6365466C6F773E0D0A202020203C73657175656E6365466C6F772069643D227369642D39323165383765332D363633372D346663642D393532612D3030643466656239636238302220736F757263655265663D226D616E616765725F617564697422207461726765745265663D226C656176655F6170706C79223E0D0A2020202020203C636F6E646974696F6E45787072657373696F6E3E247B6D616E616765724175646974537461747573203D3D20327D3C2F636F6E646974696F6E45787072657373696F6E3E0D0A202020203C2F73657175656E6365466C6F773E0D0A20203C2F70726F636573733E0D0A20203C62706D6E64693A42504D4E4469616772616D2069643D2242504D4E4469616772616D5F6C65617665223E0D0A202020203C62706D6E64693A42504D4E506C616E652062706D6E456C656D656E743D226C65617665222069643D2242504D4E506C616E655F6C65617665223E0D0A2020202020203C62706D6E64693A42504D4E53686170652069643D2273686170652D36373365336134372D636635312D343964622D383864322D366334616361373963643533222062706D6E456C656D656E743D227369642D61303936323631322D333530342D343764632D396134352D323462366466623963633262223E0D0A20202020202020203C6F6D6764633A426F756E647320783D222D35352E302220793D2235352E30222077696474683D2233302E3022206865696768743D2233302E30222F3E0D0A2020202020203C2F62706D6E64693A42504D4E53686170653E0D0A2020202020203C62706D6E64693A42504D4E53686170652069643D2273686170652D31613937373334612D376135372D343961372D626436622D633766636266653030313832222062706D6E456C656D656E743D2268725F6175646974223E0D0A20202020202020203C6F6D6764633A426F756E647320783D223130352E302220793D2234372E35222077696474683D2237302E3022206865696768743D2234352E30222F3E0D0A2020202020203C2F62706D6E64693A42504D4E53686170653E0D0A2020202020203C62706D6E64693A42504D4E456467652069643D22656467652D31306366306264392D663834342D343466662D396364302D643138396231323363356561222062706D6E456C656D656E743D227369642D64346434633031332D353734662D346461392D386637622D353734326666666633333432223E0D0A20202020202020203C6F6D6764693A776179706F696E7420783D222D32352E302220793D2237302E30222F3E0D0A20202020202020203C6F6D6764693A776179706F696E7420783D2231302E302220793D2237302E30222F3E0D0A2020202020203C2F62706D6E64693A42504D4E456467653E0D0A2020202020203C62706D6E64693A42504D4E53686170652069643D2273686170652D64633331356566332D656138642D343565622D626636352D626236643735383066396539222062706D6E456C656D656E743D226D616E616765725F6175646974223E0D0A20202020202020203C6F6D6764633A426F756E647320783D223231392E39393939382220793D2234372E343939393932222077696474683D2237352E3022206865696768743D2234352E30222F3E0D0A2020202020203C2F62706D6E64693A42504D4E53686170653E0D0A2020202020203C62706D6E64693A42504D4E456467652069643D22656467652D35323037623135632D616265332D346162372D613466632D623166393364343132346264222062706D6E456C656D656E743D227369642D36613263303866362D633331612D346235642D613063352D383838336361623836663830223E0D0A20202020202020203C6F6D6764693A776179706F696E7420783D223137352E302220793D2237302E30222F3E0D0A20202020202020203C6F6D6764693A776179706F696E7420783D223231382E37353030322220793D2237302E30222F3E0D0A20202020202020203C6F6D6764693A776179706F696E7420783D223231392E39393939382220793D2236392E3939393939222F3E0D0A2020202020203C2F62706D6E64693A42504D4E456467653E0D0A2020202020203C62706D6E64693A42504D4E53686170652069643D2273686170652D30633639643764352D323832302D343761392D623666392D623137313930663465656530222062706D6E456C656D656E743D227369642D31353262656434342D633361372D346331632D613066632D396236633732623461333436223E0D0A20202020202020203C6F6D6764633A426F756E647320783D223335302E302220793D2235352E303030303034222077696474683D2233302E3022206865696768743D2233302E30222F3E0D0A2020202020203C2F62706D6E64693A42504D4E53686170653E0D0A2020202020203C62706D6E64693A42504D4E456467652069643D22656467652D30636565653862372D323961352D343633322D626431332D343733626263336664623239222062706D6E456C656D656E743D227369642D33646431376230372D346134362D343333302D613634312D306234646637613131343039223E0D0A20202020202020203C6F6D6764693A776179706F696E7420783D223239322E352220793D2237302E3030303031222F3E0D0A20202020202020203C6F6D6764693A776179706F696E7420783D223239352E30303030332220793D2236392E393939393835222F3E0D0A20202020202020203C6F6D6764693A776179706F696E7420783D223238332E37352220793D2237302E30222F3E0D0A20202020202020203C6F6D6764693A776179706F696E7420783D223239352E302220793D2236392E3939393939222F3E0D0A20202020202020203C6F6D6764693A776179706F696E7420783D223239322E352220793D2237302E30222F3E0D0A20202020202020203C6F6D6764693A776179706F696E7420783D223331362E3837352220793D2237302E30222F3E0D0A20202020202020203C6F6D6764693A776179706F696E7420783D223333312E32352220793D2237302E30222F3E0D0A20202020202020203C6F6D6764693A776179706F696E7420783D223335302E302220793D2237302E30222F3E0D0A2020202020203C2F62706D6E64693A42504D4E456467653E0D0A2020202020203C62706D6E64693A42504D4E53686170652069643D2273686170652D61306530643562372D366463392D343738302D393962312D336666326534353737343734222062706D6E456C656D656E743D226C656176655F6170706C79223E0D0A20202020202020203C6F6D6764633A426F756E647320783D2231302E302220793D2234352E30222077696474683D2237302E3022206865696768743D2235302E30222F3E0D0A2020202020203C2F62706D6E64693A42504D4E53686170653E0D0A2020202020203C62706D6E64693A42504D4E456467652069643D22656467652D64383834333232322D396331352D346332612D383139382D393563656138353234616131222062706D6E456C656D656E743D227369642D66366430373236382D313662662D343864352D616439652D313066633137636363336332223E0D0A20202020202020203C6F6D6764693A776179706F696E7420783D2237392E39393939392220793D2237302E30222F3E0D0A20202020202020203C6F6D6764693A776179706F696E7420783D223130352E302220793D2237302E30222F3E0D0A2020202020203C2F62706D6E64693A42504D4E456467653E0D0A2020202020203C62706D6E64693A42504D4E456467652069643D22656467652D62653138626135312D313764372D346635342D613161632D326230643135303430356537222062706D6E456C656D656E743D227369642D34383737376237642D626638612D343336652D613839312D303436666365373636616365223E0D0A20202020202020203C6F6D6764693A776179706F696E7420783D223134302E302220793D2234372E343939393932222F3E0D0A20202020202020203C6F6D6764693A776179706F696E7420783D223134302E302220793D222D312E383735222F3E0D0A20202020202020203C6F6D6764693A776179706F696E7420783D2234352E302220793D222D312E383735222F3E0D0A20202020202020203C6F6D6764693A776179706F696E7420783D2234352E302220793D2234352E30222F3E0D0A2020202020203C2F62706D6E64693A42504D4E456467653E0D0A2020202020203C62706D6E64693A42504D4E456467652069643D22656467652D66376436306536362D646532352D343561332D616535642D373964353365373363366436222062706D6E456C656D656E743D227369642D39323165383765332D363633372D346663642D393532612D303064346665623963623830223E0D0A20202020202020203C6F6D6764693A776179706F696E7420783D223235372E352220793D2234372E343939393932222F3E0D0A20202020202020203C6F6D6764693A776179706F696E7420783D223235372E352220793D222D34362E383735222F3E0D0A20202020202020203C6F6D6764693A776179706F696E7420783D2234352E302220793D222D34362E383735222F3E0D0A20202020202020203C6F6D6764693A776179706F696E7420783D2234352E302220793D2234352E30222F3E0D0A2020202020203C2F62706D6E64693A42504D4E456467653E0D0A202020203C2F62706D6E64693A42504D4E506C616E653E0D0A20203C2F62706D6E64693A42504D4E4469616772616D3E0D0A3C2F646566696E6974696F6E733E0D0A, 0);

-- ----------------------------
-- Table structure for act_ge_property
-- ----------------------------
DROP TABLE IF EXISTS `act_ge_property`;
CREATE TABLE `act_ge_property`  (
  `NAME_` varchar(64) CHARACTER SET utf8mb3 COLLATE utf8mb3_bin NOT NULL,
  `VALUE_` varchar(300) CHARACTER SET utf8mb3 COLLATE utf8mb3_bin NULL DEFAULT NULL,
  `REV_` int NULL DEFAULT NULL,
  PRIMARY KEY (`NAME_`) USING BTREE
) ENGINE = InnoDB CHARACTER SET = utf8mb3 COLLATE = utf8mb3_bin ROW_FORMAT = Dynamic;

-- ----------------------------
-- Records of act_ge_property
-- ----------------------------
INSERT INTO `act_ge_property` VALUES ('cfg.execution-related-entities-count', 'false', 1);
INSERT INTO `act_ge_property` VALUES ('next.dbid', '1', 1);
INSERT INTO `act_ge_property` VALUES ('schema.history', 'create(7.0.0.0)', 1);
INSERT INTO `act_ge_property` VALUES ('schema.version', '7.0.0.0', 1);

-- ----------------------------
-- Table structure for act_hi_actinst
-- ----------------------------
DROP TABLE IF EXISTS `act_hi_actinst`;
CREATE TABLE `act_hi_actinst`  (
  `ID_` varchar(64) CHARACTER SET utf8mb3 COLLATE utf8mb3_bin NOT NULL,
  `PROC_DEF_ID_` varchar(64) CHARACTER SET utf8mb3 COLLATE utf8mb3_bin NOT NULL,
  `PROC_INST_ID_` varchar(64) CHARACTER SET utf8mb3 COLLATE utf8mb3_bin NOT NULL,
  `EXECUTION_ID_` varchar(64) CHARACTER SET utf8mb3 COLLATE utf8mb3_bin NOT NULL,
  `ACT_ID_` varchar(255) CHARACTER SET utf8mb3 COLLATE utf8mb3_bin NOT NULL,
  `TASK_ID_` varchar(64) CHARACTER SET utf8mb3 COLLATE utf8mb3_bin NULL DEFAULT NULL,
  `CALL_PROC_INST_ID_` varchar(64) CHARACTER SET utf8mb3 COLLATE utf8mb3_bin NULL DEFAULT NULL,
  `ACT_NAME_` varchar(255) CHARACTER SET utf8mb3 COLLATE utf8mb3_bin NULL DEFAULT NULL,
  `ACT_TYPE_` varchar(255) CHARACTER SET utf8mb3 COLLATE utf8mb3_bin NOT NULL,
  `ASSIGNEE_` varchar(255) CHARACTER SET utf8mb3 COLLATE utf8mb3_bin NULL DEFAULT NULL,
  `START_TIME_` datetime(3) NOT NULL,
  `END_TIME_` datetime(3) NULL DEFAULT NULL,
  `DURATION_` bigint NULL DEFAULT NULL,
  `DELETE_REASON_` varchar(4000) CHARACTER SET utf8mb3 COLLATE utf8mb3_bin NULL DEFAULT NULL,
  `TENANT_ID_` varchar(255) CHARACTER SET utf8mb3 COLLATE utf8mb3_bin NULL DEFAULT '',
  PRIMARY KEY (`ID_`) USING BTREE,
  INDEX `ACT_IDX_HI_ACT_INST_START`(`START_TIME_`) USING BTREE,
  INDEX `ACT_IDX_HI_ACT_INST_END`(`END_TIME_`) USING BTREE,
  INDEX `ACT_IDX_HI_ACT_INST_PROCINST`(`PROC_INST_ID_`, `ACT_ID_`) USING BTREE,
  INDEX `ACT_IDX_HI_ACT_INST_EXEC`(`EXECUTION_ID_`, `ACT_ID_`) USING BTREE
) ENGINE = InnoDB CHARACTER SET = utf8mb3 COLLATE = utf8mb3_bin ROW_FORMAT = Dynamic;

-- ----------------------------
-- Records of act_hi_actinst
-- ----------------------------
INSERT INTO `act_hi_actinst` VALUES ('000fcc45-055c-11ef-b6ef-e02e0bf8bf06', 'leave:1:99ef2135-0551-11ef-9f76-e02e0bf8bf06', '94cffae2-0552-11ef-a9e3-e02e0bf8bf06', '94cffae5-0552-11ef-a9e3-e02e0bf8bf06', 'hr_audit', '00146026-055c-11ef-b6ef-e02e0bf8bf06', NULL, '人事审批', 'userTask', 'admin', '2024-04-28 20:36:56.794', '2024-04-28 20:45:22.276', 505482, NULL, '');
INSERT INTO `act_hi_actinst` VALUES ('0918ec7b-0552-11ef-a9e3-e02e0bf8bf06', 'leave:1:99ef2135-0551-11ef-9f76-e02e0bf8bf06', '09173ec7-0552-11ef-a9e3-e02e0bf8bf06', '0918774a-0552-11ef-a9e3-e02e0bf8bf06', 'sid-a0962612-3504-47dc-9a45-24b6dfb9cc2b', NULL, NULL, NULL, 'startEvent', NULL, '2024-04-28 19:25:36.987', '2024-04-28 19:25:36.992', 5, NULL, '');
INSERT INTO `act_hi_actinst` VALUES ('091a9a2c-0552-11ef-a9e3-e02e0bf8bf06', 'leave:1:99ef2135-0551-11ef-9f76-e02e0bf8bf06', '09173ec7-0552-11ef-a9e3-e02e0bf8bf06', '0918774a-0552-11ef-a9e3-e02e0bf8bf06', 'leave_apply', '091e1c9d-0552-11ef-a9e3-e02e0bf8bf06', NULL, '请假申请', 'userTask', 'admin', '2024-04-28 19:25:36.997', '2024-04-28 19:25:37.095', 98, NULL, '');
INSERT INTO `act_hi_actinst` VALUES ('0929b564-0552-11ef-a9e3-e02e0bf8bf06', 'leave:1:99ef2135-0551-11ef-9f76-e02e0bf8bf06', '09173ec7-0552-11ef-a9e3-e02e0bf8bf06', '0918774a-0552-11ef-a9e3-e02e0bf8bf06', 'hr_audit', '0929b565-0552-11ef-a9e3-e02e0bf8bf06', NULL, '人事审批', 'userTask', 'admin', '2024-04-28 19:25:37.096', '2024-04-28 19:25:59.476', 22380, NULL, '');
INSERT INTO `act_hi_actinst` VALUES ('168756fb-0552-11ef-a9e3-e02e0bf8bf06', 'leave:1:99ef2135-0551-11ef-9f76-e02e0bf8bf06', '09173ec7-0552-11ef-a9e3-e02e0bf8bf06', '0918774a-0552-11ef-a9e3-e02e0bf8bf06', 'manager_audit', '16877e0c-0552-11ef-a9e3-e02e0bf8bf06', NULL, '经理审批', 'userTask', 'admin', '2024-04-28 19:25:59.520', '2024-04-28 19:26:12.130', 12610, NULL, '');
INSERT INTO `act_hi_actinst` VALUES ('1939aa69-0565-11ef-b6ef-e02e0bf8bf06', 'leave:1:99ef2135-0551-11ef-9f76-e02e0bf8bf06', '94cffae2-0552-11ef-a9e3-e02e0bf8bf06', '94cffae5-0552-11ef-a9e3-e02e0bf8bf06', 'hr_audit', '1939aa6a-0565-11ef-b6ef-e02e0bf8bf06', NULL, '人事审批', 'userTask', 'admin', '2024-04-28 21:42:04.482', '2024-04-28 21:42:44.242', 39760, NULL, '');
INSERT INTO `act_hi_actinst` VALUES ('1e0cd7c1-0552-11ef-a9e3-e02e0bf8bf06', 'leave:1:99ef2135-0551-11ef-9f76-e02e0bf8bf06', '09173ec7-0552-11ef-a9e3-e02e0bf8bf06', '0918774a-0552-11ef-a9e3-e02e0bf8bf06', 'sid-152bed44-c3a7-4c1c-a0fc-9b6c72b4a346', NULL, NULL, NULL, 'endEvent', NULL, '2024-04-28 19:26:12.139', '2024-04-28 19:26:12.139', 0, NULL, '');
INSERT INTO `act_hi_actinst` VALUES ('2d5d6f4d-055d-11ef-b6ef-e02e0bf8bf06', 'leave:1:99ef2135-0551-11ef-9f76-e02e0bf8bf06', '94cffae2-0552-11ef-a9e3-e02e0bf8bf06', '94cffae5-0552-11ef-a9e3-e02e0bf8bf06', 'leave_apply', '2d5d6f4e-055d-11ef-b6ef-e02e0bf8bf06', NULL, '请假申请', 'userTask', 'admin', '2024-04-28 20:45:22.297', '2024-04-28 20:45:37.840', 15543, NULL, '');
INSERT INTO `act_hi_actinst` VALUES ('30f3bb72-0565-11ef-b6ef-e02e0bf8bf06', 'leave:1:99ef2135-0551-11ef-9f76-e02e0bf8bf06', '94cffae2-0552-11ef-a9e3-e02e0bf8bf06', '94cffae5-0552-11ef-a9e3-e02e0bf8bf06', 'manager_audit', '30f3bb73-0565-11ef-b6ef-e02e0bf8bf06', NULL, '经理审批', 'userTask', 'admin', '2024-04-28 21:42:44.289', '2024-04-28 21:42:59.764', 15475, NULL, '');
INSERT INTO `act_hi_actinst` VALUES ('36a142de-055d-11ef-b6ef-e02e0bf8bf06', 'leave:1:99ef2135-0551-11ef-9f76-e02e0bf8bf06', '94cffae2-0552-11ef-a9e3-e02e0bf8bf06', '94cffae5-0552-11ef-a9e3-e02e0bf8bf06', 'hr_audit', '36a142df-055d-11ef-b6ef-e02e0bf8bf06', NULL, '人事审批', 'userTask', 'admin', '2024-04-28 20:45:37.841', '2024-04-28 20:46:32.561', 54720, NULL, '');
INSERT INTO `act_hi_actinst` VALUES ('3a2d2ec7-0565-11ef-b6ef-e02e0bf8bf06', 'leave:1:99ef2135-0551-11ef-9f76-e02e0bf8bf06', '94cffae2-0552-11ef-a9e3-e02e0bf8bf06', '94cffae5-0552-11ef-a9e3-e02e0bf8bf06', 'leave_apply', '3a2d55d8-0565-11ef-b6ef-e02e0bf8bf06', NULL, '请假申请', 'userTask', 'admin', '2024-04-28 21:42:59.765', '2024-04-28 21:43:18.705', 18940, '撤销', '');
INSERT INTO `act_hi_actinst` VALUES ('4fafed67-0565-11ef-b6ef-e02e0bf8bf06', 'leave:1:99ef2135-0551-11ef-9f76-e02e0bf8bf06', '4faf5123-0565-11ef-b6ef-e02e0bf8bf06', '4faf9f46-0565-11ef-b6ef-e02e0bf8bf06', 'sid-a0962612-3504-47dc-9a45-24b6dfb9cc2b', NULL, NULL, NULL, 'startEvent', NULL, '2024-04-28 21:43:35.854', '2024-04-28 21:43:35.854', 0, NULL, '');
INSERT INTO `act_hi_actinst` VALUES ('4fb01478-0565-11ef-b6ef-e02e0bf8bf06', 'leave:1:99ef2135-0551-11ef-9f76-e02e0bf8bf06', '4faf5123-0565-11ef-b6ef-e02e0bf8bf06', '4faf9f46-0565-11ef-b6ef-e02e0bf8bf06', 'leave_apply', '4fb01479-0565-11ef-b6ef-e02e0bf8bf06', NULL, '请假申请', 'userTask', 'admin', '2024-04-28 21:43:35.855', '2024-04-28 21:43:35.928', 73, NULL, '');
INSERT INTO `act_hi_actinst` VALUES ('4fbb3810-0565-11ef-b6ef-e02e0bf8bf06', 'leave:1:99ef2135-0551-11ef-9f76-e02e0bf8bf06', '4faf5123-0565-11ef-b6ef-e02e0bf8bf06', '4faf9f46-0565-11ef-b6ef-e02e0bf8bf06', 'hr_audit', '4fbb3811-0565-11ef-b6ef-e02e0bf8bf06', NULL, '人事审批', 'userTask', NULL, '2024-04-28 21:43:35.928', '2024-04-28 21:43:49.740', 13812, '撤销', '');
INSERT INTO `act_hi_actinst` VALUES ('531478b5-0569-11ef-b7f5-e02e0bf8bf06', 'leave:1:99ef2135-0551-11ef-9f76-e02e0bf8bf06', 'ba87e319-0568-11ef-b6df-e02e0bf8bf06', 'ba880a2c-0568-11ef-b6df-e02e0bf8bf06', 'manager_audit', '531478b6-0569-11ef-b7f5-e02e0bf8bf06', NULL, '经理审批', 'userTask', 'admin', '2024-04-28 22:12:19.533', '2024-04-28 22:12:29.008', 9475, NULL, '');
INSERT INTO `act_hi_actinst` VALUES ('573f0606-055d-11ef-b6ef-e02e0bf8bf06', 'leave:1:99ef2135-0551-11ef-9f76-e02e0bf8bf06', '94cffae2-0552-11ef-a9e3-e02e0bf8bf06', '94cffae5-0552-11ef-a9e3-e02e0bf8bf06', 'leave_apply', '573f0607-055d-11ef-b6ef-e02e0bf8bf06', NULL, '请假申请', 'userTask', 'admin', '2024-04-28 20:46:32.562', '2024-04-28 21:03:10.805', 998243, NULL, '');
INSERT INTO `act_hi_actinst` VALUES ('58c07f8b-0569-11ef-b7f5-e02e0bf8bf06', 'leave:1:99ef2135-0551-11ef-9f76-e02e0bf8bf06', 'ba87e319-0568-11ef-b6df-e02e0bf8bf06', 'ba880a2c-0568-11ef-b6df-e02e0bf8bf06', 'sid-152bed44-c3a7-4c1c-a0fc-9b6c72b4a346', NULL, NULL, NULL, 'endEvent', NULL, '2024-04-28 22:12:29.050', '2024-04-28 22:12:29.050', 0, NULL, '');
INSERT INTO `act_hi_actinst` VALUES ('6da6d387-0565-11ef-b6ef-e02e0bf8bf06', 'leave:1:99ef2135-0551-11ef-9f76-e02e0bf8bf06', '6da6ac73-0565-11ef-b6ef-e02e0bf8bf06', '6da6d386-0565-11ef-b6ef-e02e0bf8bf06', 'sid-a0962612-3504-47dc-9a45-24b6dfb9cc2b', NULL, NULL, NULL, 'startEvent', NULL, '2024-04-28 21:44:26.126', '2024-04-28 21:44:26.126', 0, NULL, '');
INSERT INTO `act_hi_actinst` VALUES ('6da6d388-0565-11ef-b6ef-e02e0bf8bf06', 'leave:1:99ef2135-0551-11ef-9f76-e02e0bf8bf06', '6da6ac73-0565-11ef-b6ef-e02e0bf8bf06', '6da6d386-0565-11ef-b6ef-e02e0bf8bf06', 'leave_apply', '6da6d389-0565-11ef-b6ef-e02e0bf8bf06', NULL, '请假申请', 'userTask', 'admin', '2024-04-28 21:44:26.126', '2024-04-28 21:44:26.185', 59, NULL, '');
INSERT INTO `act_hi_actinst` VALUES ('6dafd440-0565-11ef-b6ef-e02e0bf8bf06', 'leave:1:99ef2135-0551-11ef-9f76-e02e0bf8bf06', '6da6ac73-0565-11ef-b6ef-e02e0bf8bf06', '6da6d386-0565-11ef-b6ef-e02e0bf8bf06', 'hr_audit', '6daffb51-0565-11ef-b6ef-e02e0bf8bf06', NULL, '人事审批', 'userTask', 'admin', '2024-04-28 21:44:26.185', '2024-04-28 21:44:38.917', 12732, NULL, '');
INSERT INTO `act_hi_actinst` VALUES ('7547a587-0565-11ef-b6ef-e02e0bf8bf06', 'leave:1:99ef2135-0551-11ef-9f76-e02e0bf8bf06', '6da6ac73-0565-11ef-b6ef-e02e0bf8bf06', '6da6d386-0565-11ef-b6ef-e02e0bf8bf06', 'manager_audit', '7547a588-0565-11ef-b6ef-e02e0bf8bf06', NULL, '经理审批', 'userTask', 'admin', '2024-04-28 21:44:38.924', '2024-04-28 21:44:45.006', 6082, NULL, '');
INSERT INTO `act_hi_actinst` VALUES ('78e9f9ad-0565-11ef-b6ef-e02e0bf8bf06', 'leave:1:99ef2135-0551-11ef-9f76-e02e0bf8bf06', '6da6ac73-0565-11ef-b6ef-e02e0bf8bf06', '6da6d386-0565-11ef-b6ef-e02e0bf8bf06', 'sid-152bed44-c3a7-4c1c-a0fc-9b6c72b4a346', NULL, NULL, NULL, 'endEvent', NULL, '2024-04-28 21:44:45.021', '2024-04-28 21:44:45.022', 1, NULL, '');
INSERT INTO `act_hi_actinst` VALUES ('94cffae6-0552-11ef-a9e3-e02e0bf8bf06', 'leave:1:99ef2135-0551-11ef-9f76-e02e0bf8bf06', '94cffae2-0552-11ef-a9e3-e02e0bf8bf06', '94cffae5-0552-11ef-a9e3-e02e0bf8bf06', 'sid-a0962612-3504-47dc-9a45-24b6dfb9cc2b', NULL, NULL, NULL, 'startEvent', NULL, '2024-04-28 19:29:31.389', '2024-04-28 19:29:31.389', 0, NULL, '');
INSERT INTO `act_hi_actinst` VALUES ('94cffae7-0552-11ef-a9e3-e02e0bf8bf06', 'leave:1:99ef2135-0551-11ef-9f76-e02e0bf8bf06', '94cffae2-0552-11ef-a9e3-e02e0bf8bf06', '94cffae5-0552-11ef-a9e3-e02e0bf8bf06', 'leave_apply', '94d021f8-0552-11ef-a9e3-e02e0bf8bf06', NULL, '请假申请', 'userTask', 'admin', '2024-04-28 19:29:31.389', '2024-04-28 19:29:31.462', 73, NULL, '');
INSERT INTO `act_hi_actinst` VALUES ('94db1e7f-0552-11ef-a9e3-e02e0bf8bf06', 'leave:1:99ef2135-0551-11ef-9f76-e02e0bf8bf06', '94cffae2-0552-11ef-a9e3-e02e0bf8bf06', '94cffae5-0552-11ef-a9e3-e02e0bf8bf06', 'hr_audit', '94db4590-0552-11ef-a9e3-e02e0bf8bf06', NULL, '人事审批', 'userTask', 'admin', '2024-04-28 19:29:31.462', '2024-04-28 19:29:40.310', 8848, NULL, '');
INSERT INTO `act_hi_actinst` VALUES ('9a233366-0552-11ef-a9e3-e02e0bf8bf06', 'leave:1:99ef2135-0551-11ef-9f76-e02e0bf8bf06', '94cffae2-0552-11ef-a9e3-e02e0bf8bf06', '94cffae5-0552-11ef-a9e3-e02e0bf8bf06', 'manager_audit', '9a233367-0552-11ef-a9e3-e02e0bf8bf06', NULL, '经理审批', 'userTask', 'admin', '2024-04-28 19:29:40.323', '2024-04-28 19:29:48.562', 8239, NULL, '');
INSERT INTO `act_hi_actinst` VALUES ('9f0c867c-0552-11ef-a9e3-e02e0bf8bf06', 'leave:1:99ef2135-0551-11ef-9f76-e02e0bf8bf06', '94cffae2-0552-11ef-a9e3-e02e0bf8bf06', '94cffae5-0552-11ef-a9e3-e02e0bf8bf06', 'leave_apply', '9f0c867d-0552-11ef-a9e3-e02e0bf8bf06', NULL, '请假申请', 'userTask', 'admin', '2024-04-28 19:29:48.563', '2024-04-28 20:36:56.783', 4028220, NULL, '');
INSERT INTO `act_hi_actinst` VALUES ('a14b715f-0560-11ef-b6ef-e02e0bf8bf06', 'leave:1:99ef2135-0551-11ef-9f76-e02e0bf8bf06', '94cffae2-0552-11ef-a9e3-e02e0bf8bf06', '94cffae5-0552-11ef-a9e3-e02e0bf8bf06', 'leave_apply', 'a14b7160-0560-11ef-b6ef-e02e0bf8bf06', NULL, '请假申请', 'userTask', 'admin', '2024-04-28 21:10:05.285', '2024-04-28 21:10:18.051', 12766, NULL, '');
INSERT INTO `act_hi_actinst` VALUES ('a8e76150-0560-11ef-b6ef-e02e0bf8bf06', 'leave:1:99ef2135-0551-11ef-9f76-e02e0bf8bf06', '94cffae2-0552-11ef-a9e3-e02e0bf8bf06', '94cffae5-0552-11ef-a9e3-e02e0bf8bf06', 'hr_audit', 'a8e76151-0560-11ef-b6ef-e02e0bf8bf06', NULL, '人事审批', 'userTask', 'admin', '2024-04-28 21:10:18.051', '2024-04-28 21:40:20.089', 1802038, NULL, '');
INSERT INTO `act_hi_actinst` VALUES ('a926ba9c-0568-11ef-b6df-e02e0bf8bf06', 'leave:1:99ef2135-0551-11ef-9f76-e02e0bf8bf06', 'a9242288-0568-11ef-b6df-e02e0bf8bf06', 'a926456b-0568-11ef-b6df-e02e0bf8bf06', 'sid-a0962612-3504-47dc-9a45-24b6dfb9cc2b', NULL, NULL, NULL, 'startEvent', NULL, '2024-04-28 22:07:34.440', '2024-04-28 22:07:34.447', 7, NULL, '');
INSERT INTO `act_hi_actinst` VALUES ('a9288f5d-0568-11ef-b6df-e02e0bf8bf06', 'leave:1:99ef2135-0551-11ef-9f76-e02e0bf8bf06', 'a9242288-0568-11ef-b6df-e02e0bf8bf06', 'a926456b-0568-11ef-b6df-e02e0bf8bf06', 'leave_apply', 'a92dbf7e-0568-11ef-b6df-e02e0bf8bf06', NULL, '请假申请', 'userTask', 'staff_2', '2024-04-28 22:07:34.452', '2024-04-28 22:07:34.592', 140, NULL, '');
INSERT INTO `act_hi_actinst` VALUES ('a93e1335-0568-11ef-b6df-e02e0bf8bf06', 'leave:1:99ef2135-0551-11ef-9f76-e02e0bf8bf06', 'a9242288-0568-11ef-b6df-e02e0bf8bf06', 'a926456b-0568-11ef-b6df-e02e0bf8bf06', 'hr_audit', 'a93e1336-0568-11ef-b6df-e02e0bf8bf06', NULL, '人事审批', 'userTask', 'staff_3', '2024-04-28 22:07:34.593', NULL, NULL, NULL, '');
INSERT INTO `act_hi_actinst` VALUES ('aa3ef857-055f-11ef-b6ef-e02e0bf8bf06', 'leave:1:99ef2135-0551-11ef-9f76-e02e0bf8bf06', '94cffae2-0552-11ef-a9e3-e02e0bf8bf06', '94cffae5-0552-11ef-a9e3-e02e0bf8bf06', 'hr_audit', 'aa3f1f68-055f-11ef-b6ef-e02e0bf8bf06', NULL, '人事审批', 'userTask', 'admin', '2024-04-28 21:03:10.806', '2024-04-28 21:10:05.283', 414477, NULL, '');
INSERT INTO `act_hi_actinst` VALUES ('aa9888bf-056a-11ef-ae6d-e02e0bf8bf06', 'leave:1:99ef2135-0551-11ef-9f76-e02e0bf8bf06', 'aa9665db-056a-11ef-ae6d-e02e0bf8bf06', 'aa97ec7e-056a-11ef-ae6d-e02e0bf8bf06', 'sid-a0962612-3504-47dc-9a45-24b6dfb9cc2b', NULL, NULL, NULL, 'startEvent', NULL, '2024-04-28 22:21:55.857', '2024-04-28 22:21:55.861', 4, NULL, '');
INSERT INTO `act_hi_actinst` VALUES ('aa9a0f60-056a-11ef-ae6d-e02e0bf8bf06', 'leave:1:99ef2135-0551-11ef-9f76-e02e0bf8bf06', 'aa9665db-056a-11ef-ae6d-e02e0bf8bf06', 'aa97ec7e-056a-11ef-ae6d-e02e0bf8bf06', 'leave_apply', 'aa9c8061-056a-11ef-ae6d-e02e0bf8bf06', NULL, '请假申请', 'userTask', 'staff_5', '2024-04-28 22:21:55.867', '2024-04-28 22:21:55.973', 106, NULL, '');
INSERT INTO `act_hi_actinst` VALUES ('aaaa3c08-056a-11ef-ae6d-e02e0bf8bf06', 'leave:1:99ef2135-0551-11ef-9f76-e02e0bf8bf06', 'aa9665db-056a-11ef-ae6d-e02e0bf8bf06', 'aa97ec7e-056a-11ef-ae6d-e02e0bf8bf06', 'hr_audit', 'aaaa3c09-056a-11ef-ae6d-e02e0bf8bf06', NULL, '人事审批', 'userTask', NULL, '2024-04-28 22:21:55.973', NULL, NULL, NULL, '');
INSERT INTO `act_hi_actinst` VALUES ('b83f81c2-0565-11ef-b6ef-e02e0bf8bf06', 'leave:1:99ef2135-0551-11ef-9f76-e02e0bf8bf06', 'b83f81be-0565-11ef-b6ef-e02e0bf8bf06', 'b83f81c1-0565-11ef-b6ef-e02e0bf8bf06', 'sid-a0962612-3504-47dc-9a45-24b6dfb9cc2b', NULL, NULL, NULL, 'startEvent', NULL, '2024-04-28 21:46:31.278', '2024-04-28 21:46:31.278', 0, NULL, '');
INSERT INTO `act_hi_actinst` VALUES ('b83f81c3-0565-11ef-b6ef-e02e0bf8bf06', 'leave:1:99ef2135-0551-11ef-9f76-e02e0bf8bf06', 'b83f81be-0565-11ef-b6ef-e02e0bf8bf06', 'b83f81c1-0565-11ef-b6ef-e02e0bf8bf06', 'leave_apply', 'b83f81c4-0565-11ef-b6ef-e02e0bf8bf06', NULL, '请假申请', 'userTask', 'admin', '2024-04-28 21:46:31.278', '2024-04-28 21:46:31.332', 54, NULL, '');
INSERT INTO `act_hi_actinst` VALUES ('b847bf2b-0565-11ef-b6ef-e02e0bf8bf06', 'leave:1:99ef2135-0551-11ef-9f76-e02e0bf8bf06', 'b83f81be-0565-11ef-b6ef-e02e0bf8bf06', 'b83f81c1-0565-11ef-b6ef-e02e0bf8bf06', 'hr_audit', 'b847e63c-0565-11ef-b6ef-e02e0bf8bf06', NULL, '人事审批', 'userTask', 'admin', '2024-04-28 21:46:31.332', NULL, NULL, NULL, '');
INSERT INTO `act_hi_actinst` VALUES ('ba880a2d-0568-11ef-b6df-e02e0bf8bf06', 'leave:1:99ef2135-0551-11ef-9f76-e02e0bf8bf06', 'ba87e319-0568-11ef-b6df-e02e0bf8bf06', 'ba880a2c-0568-11ef-b6df-e02e0bf8bf06', 'sid-a0962612-3504-47dc-9a45-24b6dfb9cc2b', NULL, NULL, NULL, 'startEvent', NULL, '2024-04-28 22:08:03.599', '2024-04-28 22:08:03.599', 0, NULL, '');
INSERT INTO `act_hi_actinst` VALUES ('ba880a2e-0568-11ef-b6df-e02e0bf8bf06', 'leave:1:99ef2135-0551-11ef-9f76-e02e0bf8bf06', 'ba87e319-0568-11ef-b6df-e02e0bf8bf06', 'ba880a2c-0568-11ef-b6df-e02e0bf8bf06', 'leave_apply', 'ba880a2f-0568-11ef-b6df-e02e0bf8bf06', NULL, '请假申请', 'userTask', 'staff_3', '2024-04-28 22:08:03.599', '2024-04-28 22:08:03.655', 56, NULL, '');
INSERT INTO `act_hi_actinst` VALUES ('ba9095b6-0568-11ef-b6df-e02e0bf8bf06', 'leave:1:99ef2135-0551-11ef-9f76-e02e0bf8bf06', 'ba87e319-0568-11ef-b6df-e02e0bf8bf06', 'ba880a2c-0568-11ef-b6df-e02e0bf8bf06', 'hr_audit', 'ba90bcc7-0568-11ef-b6df-e02e0bf8bf06', NULL, '人事审批', 'userTask', 'admin', '2024-04-28 22:08:03.655', '2024-04-28 22:12:19.495', 255840, NULL, '');
INSERT INTO `act_hi_actinst` VALUES ('db012b08-0564-11ef-b6ef-e02e0bf8bf06', 'leave:1:99ef2135-0551-11ef-9f76-e02e0bf8bf06', '94cffae2-0552-11ef-a9e3-e02e0bf8bf06', '94cffae5-0552-11ef-a9e3-e02e0bf8bf06', 'leave_apply', 'db012b09-0564-11ef-b6ef-e02e0bf8bf06', NULL, '请假申请', 'userTask', 'admin', '2024-04-28 21:40:20.093', '2024-04-28 21:42:04.482', 104389, NULL, '');

-- ----------------------------
-- Table structure for act_hi_attachment
-- ----------------------------
DROP TABLE IF EXISTS `act_hi_attachment`;
CREATE TABLE `act_hi_attachment`  (
  `ID_` varchar(64) CHARACTER SET utf8mb3 COLLATE utf8mb3_bin NOT NULL,
  `REV_` int NULL DEFAULT NULL,
  `USER_ID_` varchar(255) CHARACTER SET utf8mb3 COLLATE utf8mb3_bin NULL DEFAULT NULL,
  `NAME_` varchar(255) CHARACTER SET utf8mb3 COLLATE utf8mb3_bin NULL DEFAULT NULL,
  `DESCRIPTION_` varchar(4000) CHARACTER SET utf8mb3 COLLATE utf8mb3_bin NULL DEFAULT NULL,
  `TYPE_` varchar(255) CHARACTER SET utf8mb3 COLLATE utf8mb3_bin NULL DEFAULT NULL,
  `TASK_ID_` varchar(64) CHARACTER SET utf8mb3 COLLATE utf8mb3_bin NULL DEFAULT NULL,
  `PROC_INST_ID_` varchar(64) CHARACTER SET utf8mb3 COLLATE utf8mb3_bin NULL DEFAULT NULL,
  `URL_` varchar(4000) CHARACTER SET utf8mb3 COLLATE utf8mb3_bin NULL DEFAULT NULL,
  `CONTENT_ID_` varchar(64) CHARACTER SET utf8mb3 COLLATE utf8mb3_bin NULL DEFAULT NULL,
  `TIME_` datetime(3) NULL DEFAULT NULL,
  PRIMARY KEY (`ID_`) USING BTREE
) ENGINE = InnoDB CHARACTER SET = utf8mb3 COLLATE = utf8mb3_bin ROW_FORMAT = Dynamic;

-- ----------------------------
-- Records of act_hi_attachment
-- ----------------------------

-- ----------------------------
-- Table structure for act_hi_comment
-- ----------------------------
DROP TABLE IF EXISTS `act_hi_comment`;
CREATE TABLE `act_hi_comment`  (
  `ID_` varchar(64) CHARACTER SET utf8mb3 COLLATE utf8mb3_bin NOT NULL,
  `TYPE_` varchar(255) CHARACTER SET utf8mb3 COLLATE utf8mb3_bin NULL DEFAULT NULL,
  `TIME_` datetime(3) NOT NULL,
  `USER_ID_` varchar(255) CHARACTER SET utf8mb3 COLLATE utf8mb3_bin NULL DEFAULT NULL,
  `TASK_ID_` varchar(64) CHARACTER SET utf8mb3 COLLATE utf8mb3_bin NULL DEFAULT NULL,
  `PROC_INST_ID_` varchar(64) CHARACTER SET utf8mb3 COLLATE utf8mb3_bin NULL DEFAULT NULL,
  `ACTION_` varchar(255) CHARACTER SET utf8mb3 COLLATE utf8mb3_bin NULL DEFAULT NULL,
  `MESSAGE_` varchar(4000) CHARACTER SET utf8mb3 COLLATE utf8mb3_bin NULL DEFAULT NULL,
  `FULL_MSG_` longblob NULL,
  PRIMARY KEY (`ID_`) USING BTREE
) ENGINE = InnoDB CHARACTER SET = utf8mb3 COLLATE = utf8mb3_bin ROW_FORMAT = Dynamic;

-- ----------------------------
-- Records of act_hi_comment
-- ----------------------------
INSERT INTO `act_hi_comment` VALUES ('964ea9a7-0568-11ef-b6df-e02e0bf8bf06', 'event', '2024-04-28 22:07:02.825', NULL, 'b847e63c-0565-11ef-b6ef-e02e0bf8bf06', NULL, 'AddUserLink', 'null_|_assignee', NULL);

-- ----------------------------
-- Table structure for act_hi_detail
-- ----------------------------
DROP TABLE IF EXISTS `act_hi_detail`;
CREATE TABLE `act_hi_detail`  (
  `ID_` varchar(64) CHARACTER SET utf8mb3 COLLATE utf8mb3_bin NOT NULL,
  `TYPE_` varchar(255) CHARACTER SET utf8mb3 COLLATE utf8mb3_bin NOT NULL,
  `PROC_INST_ID_` varchar(64) CHARACTER SET utf8mb3 COLLATE utf8mb3_bin NULL DEFAULT NULL,
  `EXECUTION_ID_` varchar(64) CHARACTER SET utf8mb3 COLLATE utf8mb3_bin NULL DEFAULT NULL,
  `TASK_ID_` varchar(64) CHARACTER SET utf8mb3 COLLATE utf8mb3_bin NULL DEFAULT NULL,
  `ACT_INST_ID_` varchar(64) CHARACTER SET utf8mb3 COLLATE utf8mb3_bin NULL DEFAULT NULL,
  `NAME_` varchar(255) CHARACTER SET utf8mb3 COLLATE utf8mb3_bin NOT NULL,
  `VAR_TYPE_` varchar(255) CHARACTER SET utf8mb3 COLLATE utf8mb3_bin NULL DEFAULT NULL,
  `REV_` int NULL DEFAULT NULL,
  `TIME_` datetime(3) NOT NULL,
  `BYTEARRAY_ID_` varchar(64) CHARACTER SET utf8mb3 COLLATE utf8mb3_bin NULL DEFAULT NULL,
  `DOUBLE_` double NULL DEFAULT NULL,
  `LONG_` bigint NULL DEFAULT NULL,
  `TEXT_` varchar(4000) CHARACTER SET utf8mb3 COLLATE utf8mb3_bin NULL DEFAULT NULL,
  `TEXT2_` varchar(4000) CHARACTER SET utf8mb3 COLLATE utf8mb3_bin NULL DEFAULT NULL,
  PRIMARY KEY (`ID_`) USING BTREE,
  INDEX `ACT_IDX_HI_DETAIL_PROC_INST`(`PROC_INST_ID_`) USING BTREE,
  INDEX `ACT_IDX_HI_DETAIL_ACT_INST`(`ACT_INST_ID_`) USING BTREE,
  INDEX `ACT_IDX_HI_DETAIL_TIME`(`TIME_`) USING BTREE,
  INDEX `ACT_IDX_HI_DETAIL_NAME`(`NAME_`) USING BTREE,
  INDEX `ACT_IDX_HI_DETAIL_TASK_ID`(`TASK_ID_`) USING BTREE
) ENGINE = InnoDB CHARACTER SET = utf8mb3 COLLATE = utf8mb3_bin ROW_FORMAT = Dynamic;

-- ----------------------------
-- Records of act_hi_detail
-- ----------------------------
INSERT INTO `act_hi_detail` VALUES ('0002ace0-055c-11ef-b6ef-e02e0bf8bf06', 'VariableUpdate', '94cffae2-0552-11ef-a9e3-e02e0bf8bf06', '94cffae2-0552-11ef-a9e3-e02e0bf8bf06', NULL, NULL, 'managerAuditStatus', 'integer', 0, '2024-04-28 20:36:56.708', NULL, NULL, 2, '2', NULL);
INSERT INTO `act_hi_detail` VALUES ('000481a1-055c-11ef-b6ef-e02e0bf8bf06', 'VariableUpdate', '94cffae2-0552-11ef-a9e3-e02e0bf8bf06', '94cffae2-0552-11ef-a9e3-e02e0bf8bf06', NULL, NULL, 'manager', 'string', 1, '2024-04-28 20:36:56.720', NULL, NULL, NULL, 'staff_29,staff_6,admin,staff_2', NULL);
INSERT INTO `act_hi_detail` VALUES ('00067d72-055c-11ef-b6ef-e02e0bf8bf06', 'VariableUpdate', '94cffae2-0552-11ef-a9e3-e02e0bf8bf06', '94cffae2-0552-11ef-a9e3-e02e0bf8bf06', NULL, NULL, 'hrAuditStatus', 'integer', 1, '2024-04-28 20:36:56.733', NULL, NULL, 1, '1', NULL);
INSERT INTO `act_hi_detail` VALUES ('000719b3-055c-11ef-b6ef-e02e0bf8bf06', 'VariableUpdate', '94cffae2-0552-11ef-a9e3-e02e0bf8bf06', '94cffae2-0552-11ef-a9e3-e02e0bf8bf06', NULL, NULL, 'staff', 'string', 1, '2024-04-28 20:36:56.737', NULL, NULL, NULL, 'admin', NULL);
INSERT INTO `act_hi_detail` VALUES ('000767d4-055c-11ef-b6ef-e02e0bf8bf06', 'VariableUpdate', '94cffae2-0552-11ef-a9e3-e02e0bf8bf06', '94cffae2-0552-11ef-a9e3-e02e0bf8bf06', NULL, NULL, 'hr', 'string', 1, '2024-04-28 20:36:56.739', NULL, NULL, NULL, 'staff_9,staff_14,staff_18,staff_32,staff_31,admin,staff_3', NULL);
INSERT INTO `act_hi_detail` VALUES ('0014d558-055c-11ef-b6ef-e02e0bf8bf06', 'VariableUpdate', '94cffae2-0552-11ef-a9e3-e02e0bf8bf06', '94cffae5-0552-11ef-a9e3-e02e0bf8bf06', '00146026-055c-11ef-b6ef-e02e0bf8bf06', NULL, 'managerAuditStatus', 'integer', 0, '2024-04-28 20:36:56.827', NULL, NULL, 2, '2', NULL);
INSERT INTO `act_hi_detail` VALUES ('0014d55a-055c-11ef-b6ef-e02e0bf8bf06', 'VariableUpdate', '94cffae2-0552-11ef-a9e3-e02e0bf8bf06', '94cffae5-0552-11ef-a9e3-e02e0bf8bf06', '00146026-055c-11ef-b6ef-e02e0bf8bf06', NULL, 'manager', 'string', 0, '2024-04-28 20:36:56.827', NULL, NULL, NULL, 'staff_29,staff_6,admin,staff_2', NULL);
INSERT INTO `act_hi_detail` VALUES ('0014d55c-055c-11ef-b6ef-e02e0bf8bf06', 'VariableUpdate', '94cffae2-0552-11ef-a9e3-e02e0bf8bf06', '94cffae5-0552-11ef-a9e3-e02e0bf8bf06', '00146026-055c-11ef-b6ef-e02e0bf8bf06', NULL, 'hrAuditStatus', 'integer', 0, '2024-04-28 20:36:56.827', NULL, NULL, 1, '1', NULL);
INSERT INTO `act_hi_detail` VALUES ('0014d55e-055c-11ef-b6ef-e02e0bf8bf06', 'VariableUpdate', '94cffae2-0552-11ef-a9e3-e02e0bf8bf06', '94cffae5-0552-11ef-a9e3-e02e0bf8bf06', '00146026-055c-11ef-b6ef-e02e0bf8bf06', NULL, 'staff', 'string', 0, '2024-04-28 20:36:56.827', NULL, NULL, NULL, 'admin', NULL);
INSERT INTO `act_hi_detail` VALUES ('0014d560-055c-11ef-b6ef-e02e0bf8bf06', 'VariableUpdate', '94cffae2-0552-11ef-a9e3-e02e0bf8bf06', '94cffae5-0552-11ef-a9e3-e02e0bf8bf06', '00146026-055c-11ef-b6ef-e02e0bf8bf06', NULL, 'hr', 'string', 0, '2024-04-28 20:36:56.827', NULL, NULL, NULL, 'staff_9,staff_14,staff_18,staff_32,staff_31,admin,staff_3', NULL);
INSERT INTO `act_hi_detail` VALUES ('09180219-0552-11ef-a9e3-e02e0bf8bf06', 'VariableUpdate', '09173ec7-0552-11ef-a9e3-e02e0bf8bf06', '09173ec7-0552-11ef-a9e3-e02e0bf8bf06', NULL, NULL, 'staff', 'string', 0, '2024-04-28 19:25:36.980', NULL, NULL, NULL, 'admin', NULL);
INSERT INTO `act_hi_detail` VALUES ('091e91cf-0552-11ef-a9e3-e02e0bf8bf06', 'VariableUpdate', '09173ec7-0552-11ef-a9e3-e02e0bf8bf06', '0918774a-0552-11ef-a9e3-e02e0bf8bf06', '091e1c9d-0552-11ef-a9e3-e02e0bf8bf06', NULL, 'staff', 'string', 0, '2024-04-28 19:25:37.023', NULL, NULL, NULL, 'admin', NULL);
INSERT INTO `act_hi_detail` VALUES ('09271d52-0552-11ef-a9e3-e02e0bf8bf06', 'VariableUpdate', '09173ec7-0552-11ef-a9e3-e02e0bf8bf06', '09173ec7-0552-11ef-a9e3-e02e0bf8bf06', NULL, '091a9a2c-0552-11ef-a9e3-e02e0bf8bf06', 'hr', 'string', 0, '2024-04-28 19:25:37.079', NULL, NULL, NULL, 'staff_9,staff_14,staff_18,staff_32,staff_31,admin,staff_3', NULL);
INSERT INTO `act_hi_detail` VALUES ('0927b993-0552-11ef-a9e3-e02e0bf8bf06', 'VariableUpdate', '09173ec7-0552-11ef-a9e3-e02e0bf8bf06', '09173ec7-0552-11ef-a9e3-e02e0bf8bf06', NULL, NULL, 'staff', 'string', 1, '2024-04-28 19:25:37.083', NULL, NULL, NULL, 'admin', NULL);
INSERT INTO `act_hi_detail` VALUES ('0929dc77-0552-11ef-a9e3-e02e0bf8bf06', 'VariableUpdate', '09173ec7-0552-11ef-a9e3-e02e0bf8bf06', '0918774a-0552-11ef-a9e3-e02e0bf8bf06', '0929b565-0552-11ef-a9e3-e02e0bf8bf06', NULL, 'staff', 'string', 0, '2024-04-28 19:25:37.097', NULL, NULL, NULL, 'admin', NULL);
INSERT INTO `act_hi_detail` VALUES ('0929dc79-0552-11ef-a9e3-e02e0bf8bf06', 'VariableUpdate', '09173ec7-0552-11ef-a9e3-e02e0bf8bf06', '0918774a-0552-11ef-a9e3-e02e0bf8bf06', '0929b565-0552-11ef-a9e3-e02e0bf8bf06', NULL, 'hr', 'string', 0, '2024-04-28 19:25:37.097', NULL, NULL, NULL, 'staff_9,staff_14,staff_18,staff_32,staff_31,admin,staff_3', NULL);
INSERT INTO `act_hi_detail` VALUES ('167ea467-0552-11ef-a9e3-e02e0bf8bf06', 'VariableUpdate', '09173ec7-0552-11ef-a9e3-e02e0bf8bf06', '09173ec7-0552-11ef-a9e3-e02e0bf8bf06', NULL, NULL, 'staff', 'string', 1, '2024-04-28 19:25:59.462', NULL, NULL, NULL, 'admin', NULL);
INSERT INTO `act_hi_detail` VALUES ('167ecb78-0552-11ef-a9e3-e02e0bf8bf06', 'VariableUpdate', '09173ec7-0552-11ef-a9e3-e02e0bf8bf06', '09173ec7-0552-11ef-a9e3-e02e0bf8bf06', NULL, NULL, 'hr', 'string', 1, '2024-04-28 19:25:59.464', NULL, NULL, NULL, 'staff_9,staff_14,staff_18,staff_32,staff_31,admin,staff_3', NULL);
INSERT INTO `act_hi_detail` VALUES ('168756fa-0552-11ef-a9e3-e02e0bf8bf06', 'VariableUpdate', '09173ec7-0552-11ef-a9e3-e02e0bf8bf06', '09173ec7-0552-11ef-a9e3-e02e0bf8bf06', NULL, NULL, 'manager', 'string', 0, '2024-04-28 19:25:59.520', NULL, NULL, NULL, 'staff_29,staff_6,admin,staff_2', NULL);
INSERT INTO `act_hi_detail` VALUES ('1687cc2e-0552-11ef-a9e3-e02e0bf8bf06', 'VariableUpdate', '09173ec7-0552-11ef-a9e3-e02e0bf8bf06', '0918774a-0552-11ef-a9e3-e02e0bf8bf06', '16877e0c-0552-11ef-a9e3-e02e0bf8bf06', NULL, 'manager', 'string', 0, '2024-04-28 19:25:59.523', NULL, NULL, NULL, 'staff_29,staff_6,admin,staff_2', NULL);
INSERT INTO `act_hi_detail` VALUES ('1687f340-0552-11ef-a9e3-e02e0bf8bf06', 'VariableUpdate', '09173ec7-0552-11ef-a9e3-e02e0bf8bf06', '0918774a-0552-11ef-a9e3-e02e0bf8bf06', '16877e0c-0552-11ef-a9e3-e02e0bf8bf06', NULL, 'hrAuditStatus', 'integer', 0, '2024-04-28 19:25:59.524', NULL, NULL, 1, '1', NULL);
INSERT INTO `act_hi_detail` VALUES ('1687f342-0552-11ef-a9e3-e02e0bf8bf06', 'VariableUpdate', '09173ec7-0552-11ef-a9e3-e02e0bf8bf06', '0918774a-0552-11ef-a9e3-e02e0bf8bf06', '16877e0c-0552-11ef-a9e3-e02e0bf8bf06', NULL, 'hr', 'string', 0, '2024-04-28 19:25:59.524', NULL, NULL, NULL, 'staff_9,staff_14,staff_18,staff_32,staff_31,admin,staff_3', NULL);
INSERT INTO `act_hi_detail` VALUES ('1687f344-0552-11ef-a9e3-e02e0bf8bf06', 'VariableUpdate', '09173ec7-0552-11ef-a9e3-e02e0bf8bf06', '0918774a-0552-11ef-a9e3-e02e0bf8bf06', '16877e0c-0552-11ef-a9e3-e02e0bf8bf06', NULL, 'staff', 'string', 0, '2024-04-28 19:25:59.524', NULL, NULL, NULL, 'admin', NULL);
INSERT INTO `act_hi_detail` VALUES ('1937ae94-0565-11ef-b6ef-e02e0bf8bf06', 'VariableUpdate', '94cffae2-0552-11ef-a9e3-e02e0bf8bf06', '94cffae2-0552-11ef-a9e3-e02e0bf8bf06', NULL, NULL, 'managerAuditStatus', 'integer', 1, '2024-04-28 21:42:04.469', NULL, NULL, 2, '2', NULL);
INSERT INTO `act_hi_detail` VALUES ('1937fcb5-0565-11ef-b6ef-e02e0bf8bf06', 'VariableUpdate', '94cffae2-0552-11ef-a9e3-e02e0bf8bf06', '94cffae2-0552-11ef-a9e3-e02e0bf8bf06', NULL, NULL, 'manager', 'string', 1, '2024-04-28 21:42:04.471', NULL, NULL, NULL, 'staff_29,staff_6,admin,staff_2', NULL);
INSERT INTO `act_hi_detail` VALUES ('193823c6-0565-11ef-b6ef-e02e0bf8bf06', 'VariableUpdate', '94cffae2-0552-11ef-a9e3-e02e0bf8bf06', '94cffae2-0552-11ef-a9e3-e02e0bf8bf06', NULL, NULL, 'hrAuditStatus', 'integer', 2, '2024-04-28 21:42:04.472', NULL, NULL, 2, '2', NULL);
INSERT INTO `act_hi_detail` VALUES ('19384ad7-0565-11ef-b6ef-e02e0bf8bf06', 'VariableUpdate', '94cffae2-0552-11ef-a9e3-e02e0bf8bf06', '94cffae2-0552-11ef-a9e3-e02e0bf8bf06', NULL, NULL, 'staff', 'string', 1, '2024-04-28 21:42:04.473', NULL, NULL, NULL, 'admin', NULL);
INSERT INTO `act_hi_detail` VALUES ('193871e8-0565-11ef-b6ef-e02e0bf8bf06', 'VariableUpdate', '94cffae2-0552-11ef-a9e3-e02e0bf8bf06', '94cffae2-0552-11ef-a9e3-e02e0bf8bf06', NULL, NULL, 'hr', 'string', 1, '2024-04-28 21:42:04.474', NULL, NULL, NULL, 'staff_9,staff_14,staff_18,staff_32,staff_31,admin,staff_3', NULL);
INSERT INTO `act_hi_detail` VALUES ('193e655c-0565-11ef-b6ef-e02e0bf8bf06', 'VariableUpdate', '94cffae2-0552-11ef-a9e3-e02e0bf8bf06', '94cffae5-0552-11ef-a9e3-e02e0bf8bf06', '1939aa6a-0565-11ef-b6ef-e02e0bf8bf06', NULL, 'managerAuditStatus', 'integer', 0, '2024-04-28 21:42:04.513', NULL, NULL, 2, '2', NULL);
INSERT INTO `act_hi_detail` VALUES ('193e655e-0565-11ef-b6ef-e02e0bf8bf06', 'VariableUpdate', '94cffae2-0552-11ef-a9e3-e02e0bf8bf06', '94cffae5-0552-11ef-a9e3-e02e0bf8bf06', '1939aa6a-0565-11ef-b6ef-e02e0bf8bf06', NULL, 'manager', 'string', 0, '2024-04-28 21:42:04.513', NULL, NULL, NULL, 'staff_29,staff_6,admin,staff_2', NULL);
INSERT INTO `act_hi_detail` VALUES ('193e6560-0565-11ef-b6ef-e02e0bf8bf06', 'VariableUpdate', '94cffae2-0552-11ef-a9e3-e02e0bf8bf06', '94cffae5-0552-11ef-a9e3-e02e0bf8bf06', '1939aa6a-0565-11ef-b6ef-e02e0bf8bf06', NULL, 'hrAuditStatus', 'integer', 0, '2024-04-28 21:42:04.513', NULL, NULL, 2, '2', NULL);
INSERT INTO `act_hi_detail` VALUES ('193e6562-0565-11ef-b6ef-e02e0bf8bf06', 'VariableUpdate', '94cffae2-0552-11ef-a9e3-e02e0bf8bf06', '94cffae5-0552-11ef-a9e3-e02e0bf8bf06', '1939aa6a-0565-11ef-b6ef-e02e0bf8bf06', NULL, 'staff', 'string', 0, '2024-04-28 21:42:04.513', NULL, NULL, NULL, 'admin', NULL);
INSERT INTO `act_hi_detail` VALUES ('193e6564-0565-11ef-b6ef-e02e0bf8bf06', 'VariableUpdate', '94cffae2-0552-11ef-a9e3-e02e0bf8bf06', '94cffae5-0552-11ef-a9e3-e02e0bf8bf06', '1939aa6a-0565-11ef-b6ef-e02e0bf8bf06', NULL, 'hr', 'string', 0, '2024-04-28 21:42:04.513', NULL, NULL, NULL, 'staff_9,staff_14,staff_18,staff_32,staff_31,admin,staff_3', NULL);
INSERT INTO `act_hi_detail` VALUES ('1e092e3c-0552-11ef-a9e3-e02e0bf8bf06', 'VariableUpdate', '09173ec7-0552-11ef-a9e3-e02e0bf8bf06', '09173ec7-0552-11ef-a9e3-e02e0bf8bf06', NULL, NULL, 'manager', 'string', 1, '2024-04-28 19:26:12.115', NULL, NULL, NULL, 'staff_29,staff_6,admin,staff_2', NULL);
INSERT INTO `act_hi_detail` VALUES ('1e097c5e-0552-11ef-a9e3-e02e0bf8bf06', 'VariableUpdate', '09173ec7-0552-11ef-a9e3-e02e0bf8bf06', '09173ec7-0552-11ef-a9e3-e02e0bf8bf06', NULL, NULL, 'hrAuditStatus', 'integer', 0, '2024-04-28 19:26:12.117', NULL, NULL, 1, '1', NULL);
INSERT INTO `act_hi_detail` VALUES ('1e097c5f-0552-11ef-a9e3-e02e0bf8bf06', 'VariableUpdate', '09173ec7-0552-11ef-a9e3-e02e0bf8bf06', '09173ec7-0552-11ef-a9e3-e02e0bf8bf06', NULL, NULL, 'hr', 'string', 1, '2024-04-28 19:26:12.117', NULL, NULL, NULL, 'staff_9,staff_14,staff_18,staff_32,staff_31,admin,staff_3', NULL);
INSERT INTO `act_hi_detail` VALUES ('1e09ca80-0552-11ef-a9e3-e02e0bf8bf06', 'VariableUpdate', '09173ec7-0552-11ef-a9e3-e02e0bf8bf06', '09173ec7-0552-11ef-a9e3-e02e0bf8bf06', NULL, NULL, 'staff', 'string', 1, '2024-04-28 19:26:12.119', NULL, NULL, NULL, 'admin', NULL);
INSERT INTO `act_hi_detail` VALUES ('2d58db68-055d-11ef-b6ef-e02e0bf8bf06', 'VariableUpdate', '94cffae2-0552-11ef-a9e3-e02e0bf8bf06', '94cffae2-0552-11ef-a9e3-e02e0bf8bf06', NULL, NULL, 'managerAuditStatus', 'integer', 1, '2024-04-28 20:45:22.267', NULL, NULL, 2, '2', NULL);
INSERT INTO `act_hi_detail` VALUES ('2d590279-055d-11ef-b6ef-e02e0bf8bf06', 'VariableUpdate', '94cffae2-0552-11ef-a9e3-e02e0bf8bf06', '94cffae2-0552-11ef-a9e3-e02e0bf8bf06', NULL, NULL, 'manager', 'string', 1, '2024-04-28 20:45:22.268', NULL, NULL, NULL, 'staff_29,staff_6,admin,staff_2', NULL);
INSERT INTO `act_hi_detail` VALUES ('2d59298a-055d-11ef-b6ef-e02e0bf8bf06', 'VariableUpdate', '94cffae2-0552-11ef-a9e3-e02e0bf8bf06', '94cffae2-0552-11ef-a9e3-e02e0bf8bf06', NULL, NULL, 'hrAuditStatus', 'integer', 1, '2024-04-28 20:45:22.269', NULL, NULL, 1, '1', NULL);
INSERT INTO `act_hi_detail` VALUES ('2d59509b-055d-11ef-b6ef-e02e0bf8bf06', 'VariableUpdate', '94cffae2-0552-11ef-a9e3-e02e0bf8bf06', '94cffae2-0552-11ef-a9e3-e02e0bf8bf06', NULL, NULL, 'staff', 'string', 1, '2024-04-28 20:45:22.270', NULL, NULL, NULL, 'admin', NULL);
INSERT INTO `act_hi_detail` VALUES ('2d59509c-055d-11ef-b6ef-e02e0bf8bf06', 'VariableUpdate', '94cffae2-0552-11ef-a9e3-e02e0bf8bf06', '94cffae2-0552-11ef-a9e3-e02e0bf8bf06', NULL, NULL, 'hr', 'string', 1, '2024-04-28 20:45:22.270', NULL, NULL, NULL, 'staff_9,staff_14,staff_18,staff_32,staff_31,admin,staff_3', NULL);
INSERT INTO `act_hi_detail` VALUES ('2d5d9660-055d-11ef-b6ef-e02e0bf8bf06', 'VariableUpdate', '94cffae2-0552-11ef-a9e3-e02e0bf8bf06', '94cffae5-0552-11ef-a9e3-e02e0bf8bf06', '2d5d6f4e-055d-11ef-b6ef-e02e0bf8bf06', NULL, 'managerAuditStatus', 'integer', 0, '2024-04-28 20:45:22.298', NULL, NULL, 2, '2', NULL);
INSERT INTO `act_hi_detail` VALUES ('2d5d9662-055d-11ef-b6ef-e02e0bf8bf06', 'VariableUpdate', '94cffae2-0552-11ef-a9e3-e02e0bf8bf06', '94cffae5-0552-11ef-a9e3-e02e0bf8bf06', '2d5d6f4e-055d-11ef-b6ef-e02e0bf8bf06', NULL, 'manager', 'string', 0, '2024-04-28 20:45:22.298', NULL, NULL, NULL, 'staff_29,staff_6,admin,staff_2', NULL);
INSERT INTO `act_hi_detail` VALUES ('2d5d9664-055d-11ef-b6ef-e02e0bf8bf06', 'VariableUpdate', '94cffae2-0552-11ef-a9e3-e02e0bf8bf06', '94cffae5-0552-11ef-a9e3-e02e0bf8bf06', '2d5d6f4e-055d-11ef-b6ef-e02e0bf8bf06', NULL, 'hrAuditStatus', 'integer', 0, '2024-04-28 20:45:22.298', NULL, NULL, 2, '2', NULL);
INSERT INTO `act_hi_detail` VALUES ('2d5d9666-055d-11ef-b6ef-e02e0bf8bf06', 'VariableUpdate', '94cffae2-0552-11ef-a9e3-e02e0bf8bf06', '94cffae5-0552-11ef-a9e3-e02e0bf8bf06', '2d5d6f4e-055d-11ef-b6ef-e02e0bf8bf06', NULL, 'staff', 'string', 0, '2024-04-28 20:45:22.298', NULL, NULL, NULL, 'admin', NULL);
INSERT INTO `act_hi_detail` VALUES ('2d5d9668-055d-11ef-b6ef-e02e0bf8bf06', 'VariableUpdate', '94cffae2-0552-11ef-a9e3-e02e0bf8bf06', '94cffae5-0552-11ef-a9e3-e02e0bf8bf06', '2d5d6f4e-055d-11ef-b6ef-e02e0bf8bf06', NULL, 'hr', 'string', 0, '2024-04-28 20:45:22.298', NULL, NULL, NULL, 'staff_9,staff_14,staff_18,staff_32,staff_31,admin,staff_3', NULL);
INSERT INTO `act_hi_detail` VALUES ('30eb2fec-0565-11ef-b6ef-e02e0bf8bf06', 'VariableUpdate', '94cffae2-0552-11ef-a9e3-e02e0bf8bf06', '94cffae2-0552-11ef-a9e3-e02e0bf8bf06', NULL, NULL, 'managerAuditStatus', 'integer', 1, '2024-04-28 21:42:44.233', NULL, NULL, 2, '2', NULL);
INSERT INTO `act_hi_detail` VALUES ('30eb56fd-0565-11ef-b6ef-e02e0bf8bf06', 'VariableUpdate', '94cffae2-0552-11ef-a9e3-e02e0bf8bf06', '94cffae2-0552-11ef-a9e3-e02e0bf8bf06', NULL, NULL, 'manager', 'string', 1, '2024-04-28 21:42:44.234', NULL, NULL, NULL, 'staff_29,staff_6,admin,staff_2', NULL);
INSERT INTO `act_hi_detail` VALUES ('30eb7e0e-0565-11ef-b6ef-e02e0bf8bf06', 'VariableUpdate', '94cffae2-0552-11ef-a9e3-e02e0bf8bf06', '94cffae2-0552-11ef-a9e3-e02e0bf8bf06', NULL, NULL, 'hrAuditStatus', 'integer', 2, '2024-04-28 21:42:44.235', NULL, NULL, 2, '2', NULL);
INSERT INTO `act_hi_detail` VALUES ('30eba51f-0565-11ef-b6ef-e02e0bf8bf06', 'VariableUpdate', '94cffae2-0552-11ef-a9e3-e02e0bf8bf06', '94cffae2-0552-11ef-a9e3-e02e0bf8bf06', NULL, NULL, 'staff', 'string', 1, '2024-04-28 21:42:44.236', NULL, NULL, NULL, 'admin', NULL);
INSERT INTO `act_hi_detail` VALUES ('30ebcc30-0565-11ef-b6ef-e02e0bf8bf06', 'VariableUpdate', '94cffae2-0552-11ef-a9e3-e02e0bf8bf06', '94cffae2-0552-11ef-a9e3-e02e0bf8bf06', NULL, NULL, 'hr', 'string', 1, '2024-04-28 21:42:44.237', NULL, NULL, NULL, 'staff_9,staff_14,staff_18,staff_32,staff_31,admin,staff_3', NULL);
INSERT INTO `act_hi_detail` VALUES ('30f39461-0565-11ef-b6ef-e02e0bf8bf06', 'VariableUpdate', '94cffae2-0552-11ef-a9e3-e02e0bf8bf06', '94cffae2-0552-11ef-a9e3-e02e0bf8bf06', NULL, NULL, 'manager', 'string', 1, '2024-04-28 21:42:44.288', NULL, NULL, NULL, 'staff_29,staff_6,admin,staff_2', NULL);
INSERT INTO `act_hi_detail` VALUES ('30f40995-0565-11ef-b6ef-e02e0bf8bf06', 'VariableUpdate', '94cffae2-0552-11ef-a9e3-e02e0bf8bf06', '94cffae5-0552-11ef-a9e3-e02e0bf8bf06', '30f3bb73-0565-11ef-b6ef-e02e0bf8bf06', NULL, 'managerAuditStatus', 'integer', 0, '2024-04-28 21:42:44.291', NULL, NULL, 2, '2', NULL);
INSERT INTO `act_hi_detail` VALUES ('30f40997-0565-11ef-b6ef-e02e0bf8bf06', 'VariableUpdate', '94cffae2-0552-11ef-a9e3-e02e0bf8bf06', '94cffae5-0552-11ef-a9e3-e02e0bf8bf06', '30f3bb73-0565-11ef-b6ef-e02e0bf8bf06', NULL, 'manager', 'string', 0, '2024-04-28 21:42:44.291', NULL, NULL, NULL, 'staff_29,staff_6,admin,staff_2', NULL);
INSERT INTO `act_hi_detail` VALUES ('30f430a9-0565-11ef-b6ef-e02e0bf8bf06', 'VariableUpdate', '94cffae2-0552-11ef-a9e3-e02e0bf8bf06', '94cffae5-0552-11ef-a9e3-e02e0bf8bf06', '30f3bb73-0565-11ef-b6ef-e02e0bf8bf06', NULL, 'hrAuditStatus', 'integer', 0, '2024-04-28 21:42:44.292', NULL, NULL, 1, '1', NULL);
INSERT INTO `act_hi_detail` VALUES ('30f430ab-0565-11ef-b6ef-e02e0bf8bf06', 'VariableUpdate', '94cffae2-0552-11ef-a9e3-e02e0bf8bf06', '94cffae5-0552-11ef-a9e3-e02e0bf8bf06', '30f3bb73-0565-11ef-b6ef-e02e0bf8bf06', NULL, 'staff', 'string', 0, '2024-04-28 21:42:44.292', NULL, NULL, NULL, 'admin', NULL);
INSERT INTO `act_hi_detail` VALUES ('30f430ad-0565-11ef-b6ef-e02e0bf8bf06', 'VariableUpdate', '94cffae2-0552-11ef-a9e3-e02e0bf8bf06', '94cffae5-0552-11ef-a9e3-e02e0bf8bf06', '30f3bb73-0565-11ef-b6ef-e02e0bf8bf06', NULL, 'hr', 'string', 0, '2024-04-28 21:42:44.292', NULL, NULL, NULL, 'staff_9,staff_14,staff_18,staff_32,staff_31,admin,staff_3', NULL);
INSERT INTO `act_hi_detail` VALUES ('369e3599-055d-11ef-b6ef-e02e0bf8bf06', 'VariableUpdate', '94cffae2-0552-11ef-a9e3-e02e0bf8bf06', '94cffae2-0552-11ef-a9e3-e02e0bf8bf06', NULL, NULL, 'managerAuditStatus', 'integer', 1, '2024-04-28 20:45:37.821', NULL, NULL, 2, '2', NULL);
INSERT INTO `act_hi_detail` VALUES ('369e83ba-055d-11ef-b6ef-e02e0bf8bf06', 'VariableUpdate', '94cffae2-0552-11ef-a9e3-e02e0bf8bf06', '94cffae2-0552-11ef-a9e3-e02e0bf8bf06', NULL, NULL, 'manager', 'string', 1, '2024-04-28 20:45:37.823', NULL, NULL, NULL, 'staff_29,staff_6,admin,staff_2', NULL);
INSERT INTO `act_hi_detail` VALUES ('369ed1db-055d-11ef-b6ef-e02e0bf8bf06', 'VariableUpdate', '94cffae2-0552-11ef-a9e3-e02e0bf8bf06', '94cffae2-0552-11ef-a9e3-e02e0bf8bf06', NULL, NULL, 'hrAuditStatus', 'integer', 1, '2024-04-28 20:45:37.825', NULL, NULL, 2, '2', NULL);
INSERT INTO `act_hi_detail` VALUES ('369f1ffc-055d-11ef-b6ef-e02e0bf8bf06', 'VariableUpdate', '94cffae2-0552-11ef-a9e3-e02e0bf8bf06', '94cffae2-0552-11ef-a9e3-e02e0bf8bf06', NULL, NULL, 'staff', 'string', 1, '2024-04-28 20:45:37.827', NULL, NULL, NULL, 'admin', NULL);
INSERT INTO `act_hi_detail` VALUES ('369f6e1d-055d-11ef-b6ef-e02e0bf8bf06', 'VariableUpdate', '94cffae2-0552-11ef-a9e3-e02e0bf8bf06', '94cffae2-0552-11ef-a9e3-e02e0bf8bf06', NULL, NULL, 'hr', 'string', 1, '2024-04-28 20:45:37.829', NULL, NULL, NULL, 'staff_9,staff_14,staff_18,staff_32,staff_31,admin,staff_3', NULL);
INSERT INTO `act_hi_detail` VALUES ('36a1b811-055d-11ef-b6ef-e02e0bf8bf06', 'VariableUpdate', '94cffae2-0552-11ef-a9e3-e02e0bf8bf06', '94cffae5-0552-11ef-a9e3-e02e0bf8bf06', '36a142df-055d-11ef-b6ef-e02e0bf8bf06', NULL, 'managerAuditStatus', 'integer', 0, '2024-04-28 20:45:37.844', NULL, NULL, 2, '2', NULL);
INSERT INTO `act_hi_detail` VALUES ('36a1b813-055d-11ef-b6ef-e02e0bf8bf06', 'VariableUpdate', '94cffae2-0552-11ef-a9e3-e02e0bf8bf06', '94cffae5-0552-11ef-a9e3-e02e0bf8bf06', '36a142df-055d-11ef-b6ef-e02e0bf8bf06', NULL, 'manager', 'string', 0, '2024-04-28 20:45:37.844', NULL, NULL, NULL, 'staff_29,staff_6,admin,staff_2', NULL);
INSERT INTO `act_hi_detail` VALUES ('36a1b815-055d-11ef-b6ef-e02e0bf8bf06', 'VariableUpdate', '94cffae2-0552-11ef-a9e3-e02e0bf8bf06', '94cffae5-0552-11ef-a9e3-e02e0bf8bf06', '36a142df-055d-11ef-b6ef-e02e0bf8bf06', NULL, 'hrAuditStatus', 'integer', 0, '2024-04-28 20:45:37.844', NULL, NULL, 2, '2', NULL);
INSERT INTO `act_hi_detail` VALUES ('36a1b817-055d-11ef-b6ef-e02e0bf8bf06', 'VariableUpdate', '94cffae2-0552-11ef-a9e3-e02e0bf8bf06', '94cffae5-0552-11ef-a9e3-e02e0bf8bf06', '36a142df-055d-11ef-b6ef-e02e0bf8bf06', NULL, 'staff', 'string', 0, '2024-04-28 20:45:37.844', NULL, NULL, NULL, 'admin', NULL);
INSERT INTO `act_hi_detail` VALUES ('36a1b819-055d-11ef-b6ef-e02e0bf8bf06', 'VariableUpdate', '94cffae2-0552-11ef-a9e3-e02e0bf8bf06', '94cffae5-0552-11ef-a9e3-e02e0bf8bf06', '36a142df-055d-11ef-b6ef-e02e0bf8bf06', NULL, 'hr', 'string', 0, '2024-04-28 20:45:37.844', NULL, NULL, NULL, 'staff_9,staff_14,staff_18,staff_32,staff_31,admin,staff_3', NULL);
INSERT INTO `act_hi_detail` VALUES ('3a298542-0565-11ef-b6ef-e02e0bf8bf06', 'VariableUpdate', '94cffae2-0552-11ef-a9e3-e02e0bf8bf06', '94cffae2-0552-11ef-a9e3-e02e0bf8bf06', NULL, NULL, 'managerAuditStatus', 'integer', 1, '2024-04-28 21:42:59.741', NULL, NULL, 2, '2', NULL);
INSERT INTO `act_hi_detail` VALUES ('3a2a96b3-0565-11ef-b6ef-e02e0bf8bf06', 'VariableUpdate', '94cffae2-0552-11ef-a9e3-e02e0bf8bf06', '94cffae2-0552-11ef-a9e3-e02e0bf8bf06', NULL, NULL, 'manager', 'string', 1, '2024-04-28 21:42:59.748', NULL, NULL, NULL, 'staff_29,staff_6,admin,staff_2', NULL);
INSERT INTO `act_hi_detail` VALUES ('3a2b32f4-0565-11ef-b6ef-e02e0bf8bf06', 'VariableUpdate', '94cffae2-0552-11ef-a9e3-e02e0bf8bf06', '94cffae2-0552-11ef-a9e3-e02e0bf8bf06', NULL, NULL, 'hrAuditStatus', 'integer', 2, '2024-04-28 21:42:59.752', NULL, NULL, 1, '1', NULL);
INSERT INTO `act_hi_detail` VALUES ('3a2ba825-0565-11ef-b6ef-e02e0bf8bf06', 'VariableUpdate', '94cffae2-0552-11ef-a9e3-e02e0bf8bf06', '94cffae2-0552-11ef-a9e3-e02e0bf8bf06', NULL, NULL, 'staff', 'string', 1, '2024-04-28 21:42:59.755', NULL, NULL, NULL, 'admin', NULL);
INSERT INTO `act_hi_detail` VALUES ('3a2bcf36-0565-11ef-b6ef-e02e0bf8bf06', 'VariableUpdate', '94cffae2-0552-11ef-a9e3-e02e0bf8bf06', '94cffae2-0552-11ef-a9e3-e02e0bf8bf06', NULL, NULL, 'hr', 'string', 1, '2024-04-28 21:42:59.756', NULL, NULL, NULL, 'staff_9,staff_14,staff_18,staff_32,staff_31,admin,staff_3', NULL);
INSERT INTO `act_hi_detail` VALUES ('3a2d55da-0565-11ef-b6ef-e02e0bf8bf06', 'VariableUpdate', '94cffae2-0552-11ef-a9e3-e02e0bf8bf06', '94cffae5-0552-11ef-a9e3-e02e0bf8bf06', '3a2d55d8-0565-11ef-b6ef-e02e0bf8bf06', NULL, 'managerAuditStatus', 'integer', 0, '2024-04-28 21:42:59.766', NULL, NULL, 2, '2', NULL);
INSERT INTO `act_hi_detail` VALUES ('3a2d55dc-0565-11ef-b6ef-e02e0bf8bf06', 'VariableUpdate', '94cffae2-0552-11ef-a9e3-e02e0bf8bf06', '94cffae5-0552-11ef-a9e3-e02e0bf8bf06', '3a2d55d8-0565-11ef-b6ef-e02e0bf8bf06', NULL, 'manager', 'string', 0, '2024-04-28 21:42:59.766', NULL, NULL, NULL, 'staff_29,staff_6,admin,staff_2', NULL);
INSERT INTO `act_hi_detail` VALUES ('3a2d55de-0565-11ef-b6ef-e02e0bf8bf06', 'VariableUpdate', '94cffae2-0552-11ef-a9e3-e02e0bf8bf06', '94cffae5-0552-11ef-a9e3-e02e0bf8bf06', '3a2d55d8-0565-11ef-b6ef-e02e0bf8bf06', NULL, 'hrAuditStatus', 'integer', 0, '2024-04-28 21:42:59.766', NULL, NULL, 1, '1', NULL);
INSERT INTO `act_hi_detail` VALUES ('3a2d55e0-0565-11ef-b6ef-e02e0bf8bf06', 'VariableUpdate', '94cffae2-0552-11ef-a9e3-e02e0bf8bf06', '94cffae5-0552-11ef-a9e3-e02e0bf8bf06', '3a2d55d8-0565-11ef-b6ef-e02e0bf8bf06', NULL, 'staff', 'string', 0, '2024-04-28 21:42:59.766', NULL, NULL, NULL, 'admin', NULL);
INSERT INTO `act_hi_detail` VALUES ('3a2d7cf2-0565-11ef-b6ef-e02e0bf8bf06', 'VariableUpdate', '94cffae2-0552-11ef-a9e3-e02e0bf8bf06', '94cffae5-0552-11ef-a9e3-e02e0bf8bf06', '3a2d55d8-0565-11ef-b6ef-e02e0bf8bf06', NULL, 'hr', 'string', 0, '2024-04-28 21:42:59.766', NULL, NULL, NULL, 'staff_9,staff_14,staff_18,staff_32,staff_31,admin,staff_3', NULL);
INSERT INTO `act_hi_detail` VALUES ('4faf9f45-0565-11ef-b6ef-e02e0bf8bf06', 'VariableUpdate', '4faf5123-0565-11ef-b6ef-e02e0bf8bf06', '4faf5123-0565-11ef-b6ef-e02e0bf8bf06', NULL, NULL, 'staff', 'string', 0, '2024-04-28 21:43:35.852', NULL, NULL, NULL, 'admin', NULL);
INSERT INTO `act_hi_detail` VALUES ('4fb0629b-0565-11ef-b6ef-e02e0bf8bf06', 'VariableUpdate', '4faf5123-0565-11ef-b6ef-e02e0bf8bf06', '4faf9f46-0565-11ef-b6ef-e02e0bf8bf06', '4fb01479-0565-11ef-b6ef-e02e0bf8bf06', NULL, 'staff', 'string', 0, '2024-04-28 21:43:35.857', NULL, NULL, NULL, 'admin', NULL);
INSERT INTO `act_hi_detail` VALUES ('4fb9b16e-0565-11ef-b6ef-e02e0bf8bf06', 'VariableUpdate', '4faf5123-0565-11ef-b6ef-e02e0bf8bf06', '4faf5123-0565-11ef-b6ef-e02e0bf8bf06', NULL, '4fb01478-0565-11ef-b6ef-e02e0bf8bf06', 'hr', 'string', 0, '2024-04-28 21:43:35.918', NULL, NULL, NULL, 'staff_9,staff_14,staff_18,staff_32,staff_31,admin,staff_3', NULL);
INSERT INTO `act_hi_detail` VALUES ('4fba269f-0565-11ef-b6ef-e02e0bf8bf06', 'VariableUpdate', '4faf5123-0565-11ef-b6ef-e02e0bf8bf06', '4faf5123-0565-11ef-b6ef-e02e0bf8bf06', NULL, NULL, 'staff', 'string', 1, '2024-04-28 21:43:35.921', NULL, NULL, NULL, 'admin', NULL);
INSERT INTO `act_hi_detail` VALUES ('4fbb8633-0565-11ef-b6ef-e02e0bf8bf06', 'VariableUpdate', '4faf5123-0565-11ef-b6ef-e02e0bf8bf06', '4faf9f46-0565-11ef-b6ef-e02e0bf8bf06', '4fbb3811-0565-11ef-b6ef-e02e0bf8bf06', NULL, 'staff', 'string', 0, '2024-04-28 21:43:35.930', NULL, NULL, NULL, 'admin', NULL);
INSERT INTO `act_hi_detail` VALUES ('4fbb8635-0565-11ef-b6ef-e02e0bf8bf06', 'VariableUpdate', '4faf5123-0565-11ef-b6ef-e02e0bf8bf06', '4faf9f46-0565-11ef-b6ef-e02e0bf8bf06', '4fbb3811-0565-11ef-b6ef-e02e0bf8bf06', NULL, 'hr', 'string', 0, '2024-04-28 21:43:35.930', NULL, NULL, NULL, 'staff_9,staff_14,staff_18,staff_32,staff_31,admin,staff_3', NULL);
INSERT INTO `act_hi_detail` VALUES ('530cd791-0569-11ef-b7f5-e02e0bf8bf06', 'VariableUpdate', 'ba87e319-0568-11ef-b6df-e02e0bf8bf06', 'ba87e319-0568-11ef-b6df-e02e0bf8bf06', NULL, NULL, 'staff', 'string', 1, '2024-04-28 22:12:19.483', NULL, NULL, NULL, 'staff_3', NULL);
INSERT INTO `act_hi_detail` VALUES ('530d4cc2-0569-11ef-b7f5-e02e0bf8bf06', 'VariableUpdate', 'ba87e319-0568-11ef-b6df-e02e0bf8bf06', 'ba87e319-0568-11ef-b6df-e02e0bf8bf06', NULL, NULL, 'hr', 'string', 1, '2024-04-28 22:12:19.486', NULL, NULL, NULL, 'staff_9,staff_14,staff_18,staff_32,staff_31,staff_3,admin', NULL);
INSERT INTO `act_hi_detail` VALUES ('53140384-0569-11ef-b7f5-e02e0bf8bf06', 'VariableUpdate', 'ba87e319-0568-11ef-b6df-e02e0bf8bf06', 'ba87e319-0568-11ef-b6df-e02e0bf8bf06', NULL, NULL, 'manager', 'string', 0, '2024-04-28 22:12:19.530', NULL, NULL, NULL, 'staff_29,staff_6,staff_2,admin', NULL);
INSERT INTO `act_hi_detail` VALUES ('53149fc8-0569-11ef-b7f5-e02e0bf8bf06', 'VariableUpdate', 'ba87e319-0568-11ef-b6df-e02e0bf8bf06', 'ba880a2c-0568-11ef-b6df-e02e0bf8bf06', '531478b6-0569-11ef-b7f5-e02e0bf8bf06', NULL, 'manager', 'string', 0, '2024-04-28 22:12:19.534', NULL, NULL, NULL, 'staff_29,staff_6,staff_2,admin', NULL);
INSERT INTO `act_hi_detail` VALUES ('5314c6da-0569-11ef-b7f5-e02e0bf8bf06', 'VariableUpdate', 'ba87e319-0568-11ef-b6df-e02e0bf8bf06', 'ba880a2c-0568-11ef-b6df-e02e0bf8bf06', '531478b6-0569-11ef-b7f5-e02e0bf8bf06', NULL, 'hrAuditStatus', 'integer', 0, '2024-04-28 22:12:19.535', NULL, NULL, 1, '1', NULL);
INSERT INTO `act_hi_detail` VALUES ('5314c6dc-0569-11ef-b7f5-e02e0bf8bf06', 'VariableUpdate', 'ba87e319-0568-11ef-b6df-e02e0bf8bf06', 'ba880a2c-0568-11ef-b6df-e02e0bf8bf06', '531478b6-0569-11ef-b7f5-e02e0bf8bf06', NULL, 'staff', 'string', 0, '2024-04-28 22:12:19.535', NULL, NULL, NULL, 'staff_3', NULL);
INSERT INTO `act_hi_detail` VALUES ('5314c6de-0569-11ef-b7f5-e02e0bf8bf06', 'VariableUpdate', 'ba87e319-0568-11ef-b6df-e02e0bf8bf06', 'ba880a2c-0568-11ef-b6df-e02e0bf8bf06', '531478b6-0569-11ef-b7f5-e02e0bf8bf06', NULL, 'hr', 'string', 0, '2024-04-28 22:12:19.535', NULL, NULL, NULL, 'staff_9,staff_14,staff_18,staff_32,staff_31,staff_3,admin', NULL);
INSERT INTO `act_hi_detail` VALUES ('573d3141-055d-11ef-b6ef-e02e0bf8bf06', 'VariableUpdate', '94cffae2-0552-11ef-a9e3-e02e0bf8bf06', '94cffae2-0552-11ef-a9e3-e02e0bf8bf06', NULL, NULL, 'managerAuditStatus', 'integer', 1, '2024-04-28 20:46:32.550', NULL, NULL, 2, '2', NULL);
INSERT INTO `act_hi_detail` VALUES ('573d5852-055d-11ef-b6ef-e02e0bf8bf06', 'VariableUpdate', '94cffae2-0552-11ef-a9e3-e02e0bf8bf06', '94cffae2-0552-11ef-a9e3-e02e0bf8bf06', NULL, NULL, 'manager', 'string', 1, '2024-04-28 20:46:32.551', NULL, NULL, NULL, 'staff_29,staff_6,admin,staff_2', NULL);
INSERT INTO `act_hi_detail` VALUES ('573df493-055d-11ef-b6ef-e02e0bf8bf06', 'VariableUpdate', '94cffae2-0552-11ef-a9e3-e02e0bf8bf06', '94cffae2-0552-11ef-a9e3-e02e0bf8bf06', NULL, NULL, 'hrAuditStatus', 'integer', 2, '2024-04-28 20:46:32.555', NULL, NULL, 2, '2', NULL);
INSERT INTO `act_hi_detail` VALUES ('573e1ba4-055d-11ef-b6ef-e02e0bf8bf06', 'VariableUpdate', '94cffae2-0552-11ef-a9e3-e02e0bf8bf06', '94cffae2-0552-11ef-a9e3-e02e0bf8bf06', NULL, NULL, 'staff', 'string', 1, '2024-04-28 20:46:32.556', NULL, NULL, NULL, 'admin', NULL);
INSERT INTO `act_hi_detail` VALUES ('573e42b5-055d-11ef-b6ef-e02e0bf8bf06', 'VariableUpdate', '94cffae2-0552-11ef-a9e3-e02e0bf8bf06', '94cffae2-0552-11ef-a9e3-e02e0bf8bf06', NULL, NULL, 'hr', 'string', 1, '2024-04-28 20:46:32.557', NULL, NULL, NULL, 'staff_9,staff_14,staff_18,staff_32,staff_31,admin,staff_3', NULL);
INSERT INTO `act_hi_detail` VALUES ('573f2d19-055d-11ef-b6ef-e02e0bf8bf06', 'VariableUpdate', '94cffae2-0552-11ef-a9e3-e02e0bf8bf06', '94cffae5-0552-11ef-a9e3-e02e0bf8bf06', '573f0607-055d-11ef-b6ef-e02e0bf8bf06', NULL, 'managerAuditStatus', 'integer', 0, '2024-04-28 20:46:32.563', NULL, NULL, 2, '2', NULL);
INSERT INTO `act_hi_detail` VALUES ('573f2d1b-055d-11ef-b6ef-e02e0bf8bf06', 'VariableUpdate', '94cffae2-0552-11ef-a9e3-e02e0bf8bf06', '94cffae5-0552-11ef-a9e3-e02e0bf8bf06', '573f0607-055d-11ef-b6ef-e02e0bf8bf06', NULL, 'manager', 'string', 0, '2024-04-28 20:46:32.563', NULL, NULL, NULL, 'staff_29,staff_6,admin,staff_2', NULL);
INSERT INTO `act_hi_detail` VALUES ('573f2d1d-055d-11ef-b6ef-e02e0bf8bf06', 'VariableUpdate', '94cffae2-0552-11ef-a9e3-e02e0bf8bf06', '94cffae5-0552-11ef-a9e3-e02e0bf8bf06', '573f0607-055d-11ef-b6ef-e02e0bf8bf06', NULL, 'hrAuditStatus', 'integer', 0, '2024-04-28 20:46:32.563', NULL, NULL, 2, '2', NULL);
INSERT INTO `act_hi_detail` VALUES ('573f2d1f-055d-11ef-b6ef-e02e0bf8bf06', 'VariableUpdate', '94cffae2-0552-11ef-a9e3-e02e0bf8bf06', '94cffae5-0552-11ef-a9e3-e02e0bf8bf06', '573f0607-055d-11ef-b6ef-e02e0bf8bf06', NULL, 'staff', 'string', 0, '2024-04-28 20:46:32.563', NULL, NULL, NULL, 'admin', NULL);
INSERT INTO `act_hi_detail` VALUES ('573f2d21-055d-11ef-b6ef-e02e0bf8bf06', 'VariableUpdate', '94cffae2-0552-11ef-a9e3-e02e0bf8bf06', '94cffae5-0552-11ef-a9e3-e02e0bf8bf06', '573f0607-055d-11ef-b6ef-e02e0bf8bf06', NULL, 'hr', 'string', 0, '2024-04-28 20:46:32.563', NULL, NULL, NULL, 'staff_9,staff_14,staff_18,staff_32,staff_31,admin,staff_3', NULL);
INSERT INTO `act_hi_detail` VALUES ('58b757c6-0569-11ef-b7f5-e02e0bf8bf06', 'VariableUpdate', 'ba87e319-0568-11ef-b6df-e02e0bf8bf06', 'ba87e319-0568-11ef-b6df-e02e0bf8bf06', NULL, NULL, 'manager', 'string', 1, '2024-04-28 22:12:28.989', NULL, NULL, NULL, 'staff_29,staff_6,staff_2,admin', NULL);
INSERT INTO `act_hi_detail` VALUES ('58b7a5e8-0569-11ef-b7f5-e02e0bf8bf06', 'VariableUpdate', 'ba87e319-0568-11ef-b6df-e02e0bf8bf06', 'ba87e319-0568-11ef-b6df-e02e0bf8bf06', NULL, NULL, 'hrAuditStatus', 'integer', 0, '2024-04-28 22:12:28.991', NULL, NULL, 1, '1', NULL);
INSERT INTO `act_hi_detail` VALUES ('58b7a5e9-0569-11ef-b7f5-e02e0bf8bf06', 'VariableUpdate', 'ba87e319-0568-11ef-b6df-e02e0bf8bf06', 'ba87e319-0568-11ef-b6df-e02e0bf8bf06', NULL, NULL, 'staff', 'string', 1, '2024-04-28 22:12:28.991', NULL, NULL, NULL, 'staff_3', NULL);
INSERT INTO `act_hi_detail` VALUES ('58b81b1a-0569-11ef-b7f5-e02e0bf8bf06', 'VariableUpdate', 'ba87e319-0568-11ef-b6df-e02e0bf8bf06', 'ba87e319-0568-11ef-b6df-e02e0bf8bf06', NULL, NULL, 'hr', 'string', 1, '2024-04-28 22:12:28.994', NULL, NULL, NULL, 'staff_9,staff_14,staff_18,staff_32,staff_31,staff_3,admin', NULL);
INSERT INTO `act_hi_detail` VALUES ('6da6d385-0565-11ef-b6ef-e02e0bf8bf06', 'VariableUpdate', '6da6ac73-0565-11ef-b6ef-e02e0bf8bf06', '6da6ac73-0565-11ef-b6ef-e02e0bf8bf06', NULL, NULL, 'staff', 'string', 0, '2024-04-28 21:44:26.126', NULL, NULL, NULL, 'admin', NULL);
INSERT INTO `act_hi_detail` VALUES ('6da721ab-0565-11ef-b6ef-e02e0bf8bf06', 'VariableUpdate', '6da6ac73-0565-11ef-b6ef-e02e0bf8bf06', '6da6d386-0565-11ef-b6ef-e02e0bf8bf06', '6da6d389-0565-11ef-b6ef-e02e0bf8bf06', NULL, 'staff', 'string', 0, '2024-04-28 21:44:26.128', NULL, NULL, NULL, 'admin', NULL);
INSERT INTO `act_hi_detail` VALUES ('6daec2ce-0565-11ef-b6ef-e02e0bf8bf06', 'VariableUpdate', '6da6ac73-0565-11ef-b6ef-e02e0bf8bf06', '6da6ac73-0565-11ef-b6ef-e02e0bf8bf06', NULL, '6da6d388-0565-11ef-b6ef-e02e0bf8bf06', 'hr', 'string', 0, '2024-04-28 21:44:26.178', NULL, NULL, NULL, 'staff_9,staff_14,staff_18,staff_32,staff_31,admin,staff_3', NULL);
INSERT INTO `act_hi_detail` VALUES ('6daf37ff-0565-11ef-b6ef-e02e0bf8bf06', 'VariableUpdate', '6da6ac73-0565-11ef-b6ef-e02e0bf8bf06', '6da6ac73-0565-11ef-b6ef-e02e0bf8bf06', NULL, NULL, 'staff', 'string', 1, '2024-04-28 21:44:26.181', NULL, NULL, NULL, 'admin', NULL);
INSERT INTO `act_hi_detail` VALUES ('6daffb53-0565-11ef-b6ef-e02e0bf8bf06', 'VariableUpdate', '6da6ac73-0565-11ef-b6ef-e02e0bf8bf06', '6da6d386-0565-11ef-b6ef-e02e0bf8bf06', '6daffb51-0565-11ef-b6ef-e02e0bf8bf06', NULL, 'staff', 'string', 0, '2024-04-28 21:44:26.186', NULL, NULL, NULL, 'admin', NULL);
INSERT INTO `act_hi_detail` VALUES ('6daffb55-0565-11ef-b6ef-e02e0bf8bf06', 'VariableUpdate', '6da6ac73-0565-11ef-b6ef-e02e0bf8bf06', '6da6d386-0565-11ef-b6ef-e02e0bf8bf06', '6daffb51-0565-11ef-b6ef-e02e0bf8bf06', NULL, 'hr', 'string', 0, '2024-04-28 21:44:26.186', NULL, NULL, NULL, 'staff_9,staff_14,staff_18,staff_32,staff_31,admin,staff_3', NULL);
INSERT INTO `act_hi_detail` VALUES ('75455b93-0565-11ef-b6ef-e02e0bf8bf06', 'VariableUpdate', '6da6ac73-0565-11ef-b6ef-e02e0bf8bf06', '6da6ac73-0565-11ef-b6ef-e02e0bf8bf06', NULL, NULL, 'staff', 'string', 1, '2024-04-28 21:44:38.909', NULL, NULL, NULL, 'admin', NULL);
INSERT INTO `act_hi_detail` VALUES ('7545d0c4-0565-11ef-b6ef-e02e0bf8bf06', 'VariableUpdate', '6da6ac73-0565-11ef-b6ef-e02e0bf8bf06', '6da6ac73-0565-11ef-b6ef-e02e0bf8bf06', NULL, NULL, 'hr', 'string', 1, '2024-04-28 21:44:38.912', NULL, NULL, NULL, 'staff_9,staff_14,staff_18,staff_32,staff_31,admin,staff_3', NULL);
INSERT INTO `act_hi_detail` VALUES ('7547a586-0565-11ef-b6ef-e02e0bf8bf06', 'VariableUpdate', '6da6ac73-0565-11ef-b6ef-e02e0bf8bf06', '6da6ac73-0565-11ef-b6ef-e02e0bf8bf06', NULL, NULL, 'manager', 'string', 0, '2024-04-28 21:44:38.924', NULL, NULL, NULL, 'staff_29,staff_6,admin,staff_2', NULL);
INSERT INTO `act_hi_detail` VALUES ('7547f3aa-0565-11ef-b6ef-e02e0bf8bf06', 'VariableUpdate', '6da6ac73-0565-11ef-b6ef-e02e0bf8bf06', '6da6d386-0565-11ef-b6ef-e02e0bf8bf06', '7547a588-0565-11ef-b6ef-e02e0bf8bf06', NULL, 'manager', 'string', 0, '2024-04-28 21:44:38.926', NULL, NULL, NULL, 'staff_29,staff_6,admin,staff_2', NULL);
INSERT INTO `act_hi_detail` VALUES ('7547f3ac-0565-11ef-b6ef-e02e0bf8bf06', 'VariableUpdate', '6da6ac73-0565-11ef-b6ef-e02e0bf8bf06', '6da6d386-0565-11ef-b6ef-e02e0bf8bf06', '7547a588-0565-11ef-b6ef-e02e0bf8bf06', NULL, 'hrAuditStatus', 'integer', 0, '2024-04-28 21:44:38.926', NULL, NULL, 1, '1', NULL);
INSERT INTO `act_hi_detail` VALUES ('7547f3ae-0565-11ef-b6ef-e02e0bf8bf06', 'VariableUpdate', '6da6ac73-0565-11ef-b6ef-e02e0bf8bf06', '6da6d386-0565-11ef-b6ef-e02e0bf8bf06', '7547a588-0565-11ef-b6ef-e02e0bf8bf06', NULL, 'staff', 'string', 0, '2024-04-28 21:44:38.926', NULL, NULL, NULL, 'admin', NULL);
INSERT INTO `act_hi_detail` VALUES ('7547f3b0-0565-11ef-b6ef-e02e0bf8bf06', 'VariableUpdate', '6da6ac73-0565-11ef-b6ef-e02e0bf8bf06', '6da6d386-0565-11ef-b6ef-e02e0bf8bf06', '7547a588-0565-11ef-b6ef-e02e0bf8bf06', NULL, 'hr', 'string', 0, '2024-04-28 21:44:38.926', NULL, NULL, NULL, 'staff_9,staff_14,staff_18,staff_32,staff_31,admin,staff_3', NULL);
INSERT INTO `act_hi_detail` VALUES ('78e6c558-0565-11ef-b6ef-e02e0bf8bf06', 'VariableUpdate', '6da6ac73-0565-11ef-b6ef-e02e0bf8bf06', '6da6ac73-0565-11ef-b6ef-e02e0bf8bf06', NULL, NULL, 'manager', 'string', 1, '2024-04-28 21:44:45.000', NULL, NULL, NULL, 'staff_29,staff_6,admin,staff_2', NULL);
INSERT INTO `act_hi_detail` VALUES ('78e6ec6a-0565-11ef-b6ef-e02e0bf8bf06', 'VariableUpdate', '6da6ac73-0565-11ef-b6ef-e02e0bf8bf06', '6da6ac73-0565-11ef-b6ef-e02e0bf8bf06', NULL, NULL, 'hrAuditStatus', 'integer', 0, '2024-04-28 21:44:45.001', NULL, NULL, 1, '1', NULL);
INSERT INTO `act_hi_detail` VALUES ('78e6ec6b-0565-11ef-b6ef-e02e0bf8bf06', 'VariableUpdate', '6da6ac73-0565-11ef-b6ef-e02e0bf8bf06', '6da6ac73-0565-11ef-b6ef-e02e0bf8bf06', NULL, NULL, 'staff', 'string', 1, '2024-04-28 21:44:45.001', NULL, NULL, NULL, 'admin', NULL);
INSERT INTO `act_hi_detail` VALUES ('78e7137c-0565-11ef-b6ef-e02e0bf8bf06', 'VariableUpdate', '6da6ac73-0565-11ef-b6ef-e02e0bf8bf06', '6da6ac73-0565-11ef-b6ef-e02e0bf8bf06', NULL, NULL, 'hr', 'string', 1, '2024-04-28 21:44:45.001', NULL, NULL, NULL, 'staff_9,staff_14,staff_18,staff_32,staff_31,admin,staff_3', NULL);
INSERT INTO `act_hi_detail` VALUES ('94cffae4-0552-11ef-a9e3-e02e0bf8bf06', 'VariableUpdate', '94cffae2-0552-11ef-a9e3-e02e0bf8bf06', '94cffae2-0552-11ef-a9e3-e02e0bf8bf06', NULL, NULL, 'staff', 'string', 0, '2024-04-28 19:29:31.389', NULL, NULL, NULL, 'admin', NULL);
INSERT INTO `act_hi_detail` VALUES ('94d0490a-0552-11ef-a9e3-e02e0bf8bf06', 'VariableUpdate', '94cffae2-0552-11ef-a9e3-e02e0bf8bf06', '94cffae5-0552-11ef-a9e3-e02e0bf8bf06', '94d021f8-0552-11ef-a9e3-e02e0bf8bf06', NULL, 'staff', 'string', 0, '2024-04-28 19:29:31.391', NULL, NULL, NULL, 'admin', NULL);
INSERT INTO `act_hi_detail` VALUES ('94da341d-0552-11ef-a9e3-e02e0bf8bf06', 'VariableUpdate', '94cffae2-0552-11ef-a9e3-e02e0bf8bf06', '94cffae2-0552-11ef-a9e3-e02e0bf8bf06', NULL, '94cffae7-0552-11ef-a9e3-e02e0bf8bf06', 'hr', 'string', 0, '2024-04-28 19:29:31.456', NULL, NULL, NULL, 'staff_9,staff_14,staff_18,staff_32,staff_31,admin,staff_3', NULL);
INSERT INTO `act_hi_detail` VALUES ('94da823e-0552-11ef-a9e3-e02e0bf8bf06', 'VariableUpdate', '94cffae2-0552-11ef-a9e3-e02e0bf8bf06', '94cffae2-0552-11ef-a9e3-e02e0bf8bf06', NULL, NULL, 'staff', 'string', 1, '2024-04-28 19:29:31.458', NULL, NULL, NULL, 'admin', NULL);
INSERT INTO `act_hi_detail` VALUES ('94db6ca2-0552-11ef-a9e3-e02e0bf8bf06', 'VariableUpdate', '94cffae2-0552-11ef-a9e3-e02e0bf8bf06', '94cffae5-0552-11ef-a9e3-e02e0bf8bf06', '94db4590-0552-11ef-a9e3-e02e0bf8bf06', NULL, 'staff', 'string', 0, '2024-04-28 19:29:31.464', NULL, NULL, NULL, 'admin', NULL);
INSERT INTO `act_hi_detail` VALUES ('94db6ca4-0552-11ef-a9e3-e02e0bf8bf06', 'VariableUpdate', '94cffae2-0552-11ef-a9e3-e02e0bf8bf06', '94cffae5-0552-11ef-a9e3-e02e0bf8bf06', '94db4590-0552-11ef-a9e3-e02e0bf8bf06', NULL, 'hr', 'string', 0, '2024-04-28 19:29:31.464', NULL, NULL, NULL, 'staff_9,staff_14,staff_18,staff_32,staff_31,admin,staff_3', NULL);
INSERT INTO `act_hi_detail` VALUES ('9a1ec692-0552-11ef-a9e3-e02e0bf8bf06', 'VariableUpdate', '94cffae2-0552-11ef-a9e3-e02e0bf8bf06', '94cffae2-0552-11ef-a9e3-e02e0bf8bf06', NULL, NULL, 'staff', 'string', 1, '2024-04-28 19:29:40.294', NULL, NULL, NULL, 'admin', NULL);
INSERT INTO `act_hi_detail` VALUES ('9a1eeda3-0552-11ef-a9e3-e02e0bf8bf06', 'VariableUpdate', '94cffae2-0552-11ef-a9e3-e02e0bf8bf06', '94cffae2-0552-11ef-a9e3-e02e0bf8bf06', NULL, NULL, 'hr', 'string', 1, '2024-04-28 19:29:40.295', NULL, NULL, NULL, 'staff_9,staff_14,staff_18,staff_32,staff_31,admin,staff_3', NULL);
INSERT INTO `act_hi_detail` VALUES ('9a233365-0552-11ef-a9e3-e02e0bf8bf06', 'VariableUpdate', '94cffae2-0552-11ef-a9e3-e02e0bf8bf06', '94cffae2-0552-11ef-a9e3-e02e0bf8bf06', NULL, NULL, 'manager', 'string', 0, '2024-04-28 19:29:40.323', NULL, NULL, NULL, 'staff_29,staff_6,admin,staff_2', NULL);
INSERT INTO `act_hi_detail` VALUES ('9a235a79-0552-11ef-a9e3-e02e0bf8bf06', 'VariableUpdate', '94cffae2-0552-11ef-a9e3-e02e0bf8bf06', '94cffae5-0552-11ef-a9e3-e02e0bf8bf06', '9a233367-0552-11ef-a9e3-e02e0bf8bf06', NULL, 'manager', 'string', 0, '2024-04-28 19:29:40.324', NULL, NULL, NULL, 'staff_29,staff_6,admin,staff_2', NULL);
INSERT INTO `act_hi_detail` VALUES ('9a235a7b-0552-11ef-a9e3-e02e0bf8bf06', 'VariableUpdate', '94cffae2-0552-11ef-a9e3-e02e0bf8bf06', '94cffae5-0552-11ef-a9e3-e02e0bf8bf06', '9a233367-0552-11ef-a9e3-e02e0bf8bf06', NULL, 'hrAuditStatus', 'integer', 0, '2024-04-28 19:29:40.324', NULL, NULL, 1, '1', NULL);
INSERT INTO `act_hi_detail` VALUES ('9a235a7d-0552-11ef-a9e3-e02e0bf8bf06', 'VariableUpdate', '94cffae2-0552-11ef-a9e3-e02e0bf8bf06', '94cffae5-0552-11ef-a9e3-e02e0bf8bf06', '9a233367-0552-11ef-a9e3-e02e0bf8bf06', NULL, 'staff', 'string', 0, '2024-04-28 19:29:40.324', NULL, NULL, NULL, 'admin', NULL);
INSERT INTO `act_hi_detail` VALUES ('9a235a7f-0552-11ef-a9e3-e02e0bf8bf06', 'VariableUpdate', '94cffae2-0552-11ef-a9e3-e02e0bf8bf06', '94cffae5-0552-11ef-a9e3-e02e0bf8bf06', '9a233367-0552-11ef-a9e3-e02e0bf8bf06', NULL, 'hr', 'string', 0, '2024-04-28 19:29:40.324', NULL, NULL, NULL, 'staff_9,staff_14,staff_18,staff_32,staff_31,admin,staff_3', NULL);
INSERT INTO `act_hi_detail` VALUES ('9f0b4df7-0552-11ef-a9e3-e02e0bf8bf06', 'VariableUpdate', '94cffae2-0552-11ef-a9e3-e02e0bf8bf06', '94cffae2-0552-11ef-a9e3-e02e0bf8bf06', NULL, NULL, 'manager', 'string', 1, '2024-04-28 19:29:48.555', NULL, NULL, NULL, 'staff_29,staff_6,admin,staff_2', NULL);
INSERT INTO `act_hi_detail` VALUES ('9f0b7509-0552-11ef-a9e3-e02e0bf8bf06', 'VariableUpdate', '94cffae2-0552-11ef-a9e3-e02e0bf8bf06', '94cffae2-0552-11ef-a9e3-e02e0bf8bf06', NULL, NULL, 'hrAuditStatus', 'integer', 0, '2024-04-28 19:29:48.556', NULL, NULL, 1, '1', NULL);
INSERT INTO `act_hi_detail` VALUES ('9f0b750a-0552-11ef-a9e3-e02e0bf8bf06', 'VariableUpdate', '94cffae2-0552-11ef-a9e3-e02e0bf8bf06', '94cffae2-0552-11ef-a9e3-e02e0bf8bf06', NULL, NULL, 'staff', 'string', 1, '2024-04-28 19:29:48.556', NULL, NULL, NULL, 'admin', NULL);
INSERT INTO `act_hi_detail` VALUES ('9f0b9c1b-0552-11ef-a9e3-e02e0bf8bf06', 'VariableUpdate', '94cffae2-0552-11ef-a9e3-e02e0bf8bf06', '94cffae2-0552-11ef-a9e3-e02e0bf8bf06', NULL, NULL, 'hr', 'string', 1, '2024-04-28 19:29:48.557', NULL, NULL, NULL, 'staff_9,staff_14,staff_18,staff_32,staff_31,admin,staff_3', NULL);
INSERT INTO `act_hi_detail` VALUES ('9f0c867f-0552-11ef-a9e3-e02e0bf8bf06', 'VariableUpdate', '94cffae2-0552-11ef-a9e3-e02e0bf8bf06', '94cffae5-0552-11ef-a9e3-e02e0bf8bf06', '9f0c867d-0552-11ef-a9e3-e02e0bf8bf06', NULL, 'managerAuditStatus', 'integer', 0, '2024-04-28 19:29:48.563', NULL, NULL, 2, '2', NULL);
INSERT INTO `act_hi_detail` VALUES ('9f0c8681-0552-11ef-a9e3-e02e0bf8bf06', 'VariableUpdate', '94cffae2-0552-11ef-a9e3-e02e0bf8bf06', '94cffae5-0552-11ef-a9e3-e02e0bf8bf06', '9f0c867d-0552-11ef-a9e3-e02e0bf8bf06', NULL, 'manager', 'string', 0, '2024-04-28 19:29:48.563', NULL, NULL, NULL, 'staff_29,staff_6,admin,staff_2', NULL);
INSERT INTO `act_hi_detail` VALUES ('9f0c8683-0552-11ef-a9e3-e02e0bf8bf06', 'VariableUpdate', '94cffae2-0552-11ef-a9e3-e02e0bf8bf06', '94cffae5-0552-11ef-a9e3-e02e0bf8bf06', '9f0c867d-0552-11ef-a9e3-e02e0bf8bf06', NULL, 'hrAuditStatus', 'integer', 0, '2024-04-28 19:29:48.563', NULL, NULL, 1, '1', NULL);
INSERT INTO `act_hi_detail` VALUES ('9f0c8685-0552-11ef-a9e3-e02e0bf8bf06', 'VariableUpdate', '94cffae2-0552-11ef-a9e3-e02e0bf8bf06', '94cffae5-0552-11ef-a9e3-e02e0bf8bf06', '9f0c867d-0552-11ef-a9e3-e02e0bf8bf06', NULL, 'staff', 'string', 0, '2024-04-28 19:29:48.563', NULL, NULL, NULL, 'admin', NULL);
INSERT INTO `act_hi_detail` VALUES ('9f0c8687-0552-11ef-a9e3-e02e0bf8bf06', 'VariableUpdate', '94cffae2-0552-11ef-a9e3-e02e0bf8bf06', '94cffae5-0552-11ef-a9e3-e02e0bf8bf06', '9f0c867d-0552-11ef-a9e3-e02e0bf8bf06', NULL, 'hr', 'string', 0, '2024-04-28 19:29:48.563', NULL, NULL, NULL, 'staff_9,staff_14,staff_18,staff_32,staff_31,admin,staff_3', NULL);
INSERT INTO `act_hi_detail` VALUES ('a1499c9a-0560-11ef-b6ef-e02e0bf8bf06', 'VariableUpdate', '94cffae2-0552-11ef-a9e3-e02e0bf8bf06', '94cffae2-0552-11ef-a9e3-e02e0bf8bf06', NULL, NULL, 'managerAuditStatus', 'integer', 1, '2024-04-28 21:10:05.273', NULL, NULL, 2, '2', NULL);
INSERT INTO `act_hi_detail` VALUES ('a149eabb-0560-11ef-b6ef-e02e0bf8bf06', 'VariableUpdate', '94cffae2-0552-11ef-a9e3-e02e0bf8bf06', '94cffae2-0552-11ef-a9e3-e02e0bf8bf06', NULL, NULL, 'manager', 'string', 1, '2024-04-28 21:10:05.275', NULL, NULL, NULL, 'staff_29,staff_6,admin,staff_2', NULL);
INSERT INTO `act_hi_detail` VALUES ('a14a38dc-0560-11ef-b6ef-e02e0bf8bf06', 'VariableUpdate', '94cffae2-0552-11ef-a9e3-e02e0bf8bf06', '94cffae2-0552-11ef-a9e3-e02e0bf8bf06', NULL, NULL, 'hrAuditStatus', 'integer', 2, '2024-04-28 21:10:05.277', NULL, NULL, 2, '2', NULL);
INSERT INTO `act_hi_detail` VALUES ('a14a38dd-0560-11ef-b6ef-e02e0bf8bf06', 'VariableUpdate', '94cffae2-0552-11ef-a9e3-e02e0bf8bf06', '94cffae2-0552-11ef-a9e3-e02e0bf8bf06', NULL, NULL, 'staff', 'string', 1, '2024-04-28 21:10:05.277', NULL, NULL, NULL, 'admin', NULL);
INSERT INTO `act_hi_detail` VALUES ('a14a5fee-0560-11ef-b6ef-e02e0bf8bf06', 'VariableUpdate', '94cffae2-0552-11ef-a9e3-e02e0bf8bf06', '94cffae2-0552-11ef-a9e3-e02e0bf8bf06', NULL, NULL, 'hr', 'string', 1, '2024-04-28 21:10:05.278', NULL, NULL, NULL, 'staff_9,staff_14,staff_18,staff_32,staff_31,admin,staff_3', NULL);
INSERT INTO `act_hi_detail` VALUES ('a14b7162-0560-11ef-b6ef-e02e0bf8bf06', 'VariableUpdate', '94cffae2-0552-11ef-a9e3-e02e0bf8bf06', '94cffae5-0552-11ef-a9e3-e02e0bf8bf06', 'a14b7160-0560-11ef-b6ef-e02e0bf8bf06', NULL, 'managerAuditStatus', 'integer', 0, '2024-04-28 21:10:05.285', NULL, NULL, 2, '2', NULL);
INSERT INTO `act_hi_detail` VALUES ('a14b7164-0560-11ef-b6ef-e02e0bf8bf06', 'VariableUpdate', '94cffae2-0552-11ef-a9e3-e02e0bf8bf06', '94cffae5-0552-11ef-a9e3-e02e0bf8bf06', 'a14b7160-0560-11ef-b6ef-e02e0bf8bf06', NULL, 'manager', 'string', 0, '2024-04-28 21:10:05.285', NULL, NULL, NULL, 'staff_29,staff_6,admin,staff_2', NULL);
INSERT INTO `act_hi_detail` VALUES ('a14bbf86-0560-11ef-b6ef-e02e0bf8bf06', 'VariableUpdate', '94cffae2-0552-11ef-a9e3-e02e0bf8bf06', '94cffae5-0552-11ef-a9e3-e02e0bf8bf06', 'a14b7160-0560-11ef-b6ef-e02e0bf8bf06', NULL, 'hrAuditStatus', 'integer', 0, '2024-04-28 21:10:05.287', NULL, NULL, 2, '2', NULL);
INSERT INTO `act_hi_detail` VALUES ('a14bbf88-0560-11ef-b6ef-e02e0bf8bf06', 'VariableUpdate', '94cffae2-0552-11ef-a9e3-e02e0bf8bf06', '94cffae5-0552-11ef-a9e3-e02e0bf8bf06', 'a14b7160-0560-11ef-b6ef-e02e0bf8bf06', NULL, 'staff', 'string', 0, '2024-04-28 21:10:05.287', NULL, NULL, NULL, 'admin', NULL);
INSERT INTO `act_hi_detail` VALUES ('a14bbf8a-0560-11ef-b6ef-e02e0bf8bf06', 'VariableUpdate', '94cffae2-0552-11ef-a9e3-e02e0bf8bf06', '94cffae5-0552-11ef-a9e3-e02e0bf8bf06', 'a14b7160-0560-11ef-b6ef-e02e0bf8bf06', NULL, 'hr', 'string', 0, '2024-04-28 21:10:05.287', NULL, NULL, NULL, 'staff_9,staff_14,staff_18,staff_32,staff_31,admin,staff_3', NULL);
INSERT INTO `act_hi_detail` VALUES ('a8e4f04b-0560-11ef-b6ef-e02e0bf8bf06', 'VariableUpdate', '94cffae2-0552-11ef-a9e3-e02e0bf8bf06', '94cffae2-0552-11ef-a9e3-e02e0bf8bf06', NULL, NULL, 'managerAuditStatus', 'integer', 1, '2024-04-28 21:10:18.035', NULL, NULL, 2, '2', NULL);
INSERT INTO `act_hi_detail` VALUES ('a8e5657c-0560-11ef-b6ef-e02e0bf8bf06', 'VariableUpdate', '94cffae2-0552-11ef-a9e3-e02e0bf8bf06', '94cffae2-0552-11ef-a9e3-e02e0bf8bf06', NULL, NULL, 'manager', 'string', 1, '2024-04-28 21:10:18.038', NULL, NULL, NULL, 'staff_29,staff_6,admin,staff_2', NULL);
INSERT INTO `act_hi_detail` VALUES ('a8e58c8d-0560-11ef-b6ef-e02e0bf8bf06', 'VariableUpdate', '94cffae2-0552-11ef-a9e3-e02e0bf8bf06', '94cffae2-0552-11ef-a9e3-e02e0bf8bf06', NULL, NULL, 'hrAuditStatus', 'integer', 2, '2024-04-28 21:10:18.039', NULL, NULL, 2, '2', NULL);
INSERT INTO `act_hi_detail` VALUES ('a8e5daae-0560-11ef-b6ef-e02e0bf8bf06', 'VariableUpdate', '94cffae2-0552-11ef-a9e3-e02e0bf8bf06', '94cffae2-0552-11ef-a9e3-e02e0bf8bf06', NULL, NULL, 'staff', 'string', 1, '2024-04-28 21:10:18.041', NULL, NULL, NULL, 'admin', NULL);
INSERT INTO `act_hi_detail` VALUES ('a8e601bf-0560-11ef-b6ef-e02e0bf8bf06', 'VariableUpdate', '94cffae2-0552-11ef-a9e3-e02e0bf8bf06', '94cffae2-0552-11ef-a9e3-e02e0bf8bf06', NULL, NULL, 'hr', 'string', 1, '2024-04-28 21:10:18.042', NULL, NULL, NULL, 'staff_9,staff_14,staff_18,staff_32,staff_31,admin,staff_3', NULL);
INSERT INTO `act_hi_detail` VALUES ('a8e7af73-0560-11ef-b6ef-e02e0bf8bf06', 'VariableUpdate', '94cffae2-0552-11ef-a9e3-e02e0bf8bf06', '94cffae5-0552-11ef-a9e3-e02e0bf8bf06', 'a8e76151-0560-11ef-b6ef-e02e0bf8bf06', NULL, 'managerAuditStatus', 'integer', 0, '2024-04-28 21:10:18.053', NULL, NULL, 2, '2', NULL);
INSERT INTO `act_hi_detail` VALUES ('a8e7af75-0560-11ef-b6ef-e02e0bf8bf06', 'VariableUpdate', '94cffae2-0552-11ef-a9e3-e02e0bf8bf06', '94cffae5-0552-11ef-a9e3-e02e0bf8bf06', 'a8e76151-0560-11ef-b6ef-e02e0bf8bf06', NULL, 'manager', 'string', 0, '2024-04-28 21:10:18.053', NULL, NULL, NULL, 'staff_29,staff_6,admin,staff_2', NULL);
INSERT INTO `act_hi_detail` VALUES ('a8e7af77-0560-11ef-b6ef-e02e0bf8bf06', 'VariableUpdate', '94cffae2-0552-11ef-a9e3-e02e0bf8bf06', '94cffae5-0552-11ef-a9e3-e02e0bf8bf06', 'a8e76151-0560-11ef-b6ef-e02e0bf8bf06', NULL, 'hrAuditStatus', 'integer', 0, '2024-04-28 21:10:18.053', NULL, NULL, 2, '2', NULL);
INSERT INTO `act_hi_detail` VALUES ('a8e7af79-0560-11ef-b6ef-e02e0bf8bf06', 'VariableUpdate', '94cffae2-0552-11ef-a9e3-e02e0bf8bf06', '94cffae5-0552-11ef-a9e3-e02e0bf8bf06', 'a8e76151-0560-11ef-b6ef-e02e0bf8bf06', NULL, 'staff', 'string', 0, '2024-04-28 21:10:18.053', NULL, NULL, NULL, 'admin', NULL);
INSERT INTO `act_hi_detail` VALUES ('a8e7af7b-0560-11ef-b6ef-e02e0bf8bf06', 'VariableUpdate', '94cffae2-0552-11ef-a9e3-e02e0bf8bf06', '94cffae5-0552-11ef-a9e3-e02e0bf8bf06', 'a8e76151-0560-11ef-b6ef-e02e0bf8bf06', NULL, 'hr', 'string', 0, '2024-04-28 21:10:18.053', NULL, NULL, NULL, 'staff_9,staff_14,staff_18,staff_32,staff_31,admin,staff_3', NULL);
INSERT INTO `act_hi_detail` VALUES ('a925821a-0568-11ef-b6df-e02e0bf8bf06', 'VariableUpdate', 'a9242288-0568-11ef-b6df-e02e0bf8bf06', 'a9242288-0568-11ef-b6df-e02e0bf8bf06', NULL, NULL, 'staff', 'string', 0, '2024-04-28 22:07:34.432', NULL, NULL, NULL, 'staff_2', NULL);
INSERT INTO `act_hi_detail` VALUES ('a92f1f10-0568-11ef-b6df-e02e0bf8bf06', 'VariableUpdate', 'a9242288-0568-11ef-b6df-e02e0bf8bf06', 'a926456b-0568-11ef-b6df-e02e0bf8bf06', 'a92dbf7e-0568-11ef-b6df-e02e0bf8bf06', NULL, 'staff', 'string', 0, '2024-04-28 22:07:34.495', NULL, NULL, NULL, 'staff_2', NULL);
INSERT INTO `act_hi_detail` VALUES ('a93c6583-0568-11ef-b6df-e02e0bf8bf06', 'VariableUpdate', 'a9242288-0568-11ef-b6df-e02e0bf8bf06', 'a9242288-0568-11ef-b6df-e02e0bf8bf06', NULL, 'a9288f5d-0568-11ef-b6df-e02e0bf8bf06', 'hr', 'string', 0, '2024-04-28 22:07:34.582', NULL, NULL, NULL, 'staff_9,staff_14,staff_18,staff_32,staff_31,staff_3,admin', NULL);
INSERT INTO `act_hi_detail` VALUES ('a93c8c94-0568-11ef-b6df-e02e0bf8bf06', 'VariableUpdate', 'a9242288-0568-11ef-b6df-e02e0bf8bf06', 'a9242288-0568-11ef-b6df-e02e0bf8bf06', NULL, NULL, 'staff', 'string', 1, '2024-04-28 22:07:34.583', NULL, NULL, NULL, 'staff_2', NULL);
INSERT INTO `act_hi_detail` VALUES ('a93e3a48-0568-11ef-b6df-e02e0bf8bf06', 'VariableUpdate', 'a9242288-0568-11ef-b6df-e02e0bf8bf06', 'a926456b-0568-11ef-b6df-e02e0bf8bf06', 'a93e1336-0568-11ef-b6df-e02e0bf8bf06', NULL, 'staff', 'string', 0, '2024-04-28 22:07:34.594', NULL, NULL, NULL, 'staff_2', NULL);
INSERT INTO `act_hi_detail` VALUES ('a93e3a4a-0568-11ef-b6df-e02e0bf8bf06', 'VariableUpdate', 'a9242288-0568-11ef-b6df-e02e0bf8bf06', 'a926456b-0568-11ef-b6df-e02e0bf8bf06', 'a93e1336-0568-11ef-b6df-e02e0bf8bf06', NULL, 'hr', 'string', 0, '2024-04-28 22:07:34.594', NULL, NULL, NULL, 'staff_9,staff_14,staff_18,staff_32,staff_31,staff_3,admin', NULL);
INSERT INTO `act_hi_detail` VALUES ('aa395302-055f-11ef-b6ef-e02e0bf8bf06', 'VariableUpdate', '94cffae2-0552-11ef-a9e3-e02e0bf8bf06', '94cffae2-0552-11ef-a9e3-e02e0bf8bf06', NULL, NULL, 'managerAuditStatus', 'integer', 1, '2024-04-28 21:03:10.769', NULL, NULL, 2, '2', NULL);
INSERT INTO `act_hi_detail` VALUES ('aa3a8b83-055f-11ef-b6ef-e02e0bf8bf06', 'VariableUpdate', '94cffae2-0552-11ef-a9e3-e02e0bf8bf06', '94cffae2-0552-11ef-a9e3-e02e0bf8bf06', NULL, NULL, 'manager', 'string', 1, '2024-04-28 21:03:10.777', NULL, NULL, NULL, 'staff_29,staff_6,admin,staff_2', NULL);
INSERT INTO `act_hi_detail` VALUES ('aa3b00b4-055f-11ef-b6ef-e02e0bf8bf06', 'VariableUpdate', '94cffae2-0552-11ef-a9e3-e02e0bf8bf06', '94cffae2-0552-11ef-a9e3-e02e0bf8bf06', NULL, NULL, 'hrAuditStatus', 'integer', 2, '2024-04-28 21:03:10.780', NULL, NULL, 2, '2', NULL);
INSERT INTO `act_hi_detail` VALUES ('aa3b4ed5-055f-11ef-b6ef-e02e0bf8bf06', 'VariableUpdate', '94cffae2-0552-11ef-a9e3-e02e0bf8bf06', '94cffae2-0552-11ef-a9e3-e02e0bf8bf06', NULL, NULL, 'staff', 'string', 1, '2024-04-28 21:03:10.782', NULL, NULL, NULL, 'admin', NULL);
INSERT INTO `act_hi_detail` VALUES ('aa3b9cf6-055f-11ef-b6ef-e02e0bf8bf06', 'VariableUpdate', '94cffae2-0552-11ef-a9e3-e02e0bf8bf06', '94cffae2-0552-11ef-a9e3-e02e0bf8bf06', NULL, NULL, 'hr', 'string', 1, '2024-04-28 21:03:10.784', NULL, NULL, NULL, 'staff_9,staff_14,staff_18,staff_32,staff_31,admin,staff_3', NULL);
INSERT INTO `act_hi_detail` VALUES ('aa3fbbaa-055f-11ef-b6ef-e02e0bf8bf06', 'VariableUpdate', '94cffae2-0552-11ef-a9e3-e02e0bf8bf06', '94cffae5-0552-11ef-a9e3-e02e0bf8bf06', 'aa3f1f68-055f-11ef-b6ef-e02e0bf8bf06', NULL, 'managerAuditStatus', 'integer', 0, '2024-04-28 21:03:10.811', NULL, NULL, 2, '2', NULL);
INSERT INTO `act_hi_detail` VALUES ('aa3fbbac-055f-11ef-b6ef-e02e0bf8bf06', 'VariableUpdate', '94cffae2-0552-11ef-a9e3-e02e0bf8bf06', '94cffae5-0552-11ef-a9e3-e02e0bf8bf06', 'aa3f1f68-055f-11ef-b6ef-e02e0bf8bf06', NULL, 'manager', 'string', 0, '2024-04-28 21:03:10.811', NULL, NULL, NULL, 'staff_29,staff_6,admin,staff_2', NULL);
INSERT INTO `act_hi_detail` VALUES ('aa3fbbae-055f-11ef-b6ef-e02e0bf8bf06', 'VariableUpdate', '94cffae2-0552-11ef-a9e3-e02e0bf8bf06', '94cffae5-0552-11ef-a9e3-e02e0bf8bf06', 'aa3f1f68-055f-11ef-b6ef-e02e0bf8bf06', NULL, 'hrAuditStatus', 'integer', 0, '2024-04-28 21:03:10.811', NULL, NULL, 2, '2', NULL);
INSERT INTO `act_hi_detail` VALUES ('aa3fe1c0-055f-11ef-b6ef-e02e0bf8bf06', 'VariableUpdate', '94cffae2-0552-11ef-a9e3-e02e0bf8bf06', '94cffae5-0552-11ef-a9e3-e02e0bf8bf06', 'aa3f1f68-055f-11ef-b6ef-e02e0bf8bf06', NULL, 'staff', 'string', 0, '2024-04-28 21:03:10.812', NULL, NULL, NULL, 'admin', NULL);
INSERT INTO `act_hi_detail` VALUES ('aa3fe1c2-055f-11ef-b6ef-e02e0bf8bf06', 'VariableUpdate', '94cffae2-0552-11ef-a9e3-e02e0bf8bf06', '94cffae5-0552-11ef-a9e3-e02e0bf8bf06', 'aa3f1f68-055f-11ef-b6ef-e02e0bf8bf06', NULL, 'hr', 'string', 0, '2024-04-28 21:03:10.812', NULL, NULL, NULL, 'staff_9,staff_14,staff_18,staff_32,staff_31,admin,staff_3', NULL);
INSERT INTO `act_hi_detail` VALUES ('aa97503d-056a-11ef-ae6d-e02e0bf8bf06', 'VariableUpdate', 'aa9665db-056a-11ef-ae6d-e02e0bf8bf06', 'aa9665db-056a-11ef-ae6d-e02e0bf8bf06', NULL, NULL, 'staff', 'string', 0, '2024-04-28 22:21:55.849', NULL, NULL, NULL, 'staff_5', NULL);
INSERT INTO `act_hi_detail` VALUES ('aa9d1ca3-056a-11ef-ae6d-e02e0bf8bf06', 'VariableUpdate', 'aa9665db-056a-11ef-ae6d-e02e0bf8bf06', 'aa97ec7e-056a-11ef-ae6d-e02e0bf8bf06', 'aa9c8061-056a-11ef-ae6d-e02e0bf8bf06', NULL, 'staff', 'string', 0, '2024-04-28 22:21:55.887', NULL, NULL, NULL, 'staff_5', NULL);
INSERT INTO `act_hi_detail` VALUES ('aaa84036-056a-11ef-ae6d-e02e0bf8bf06', 'VariableUpdate', 'aa9665db-056a-11ef-ae6d-e02e0bf8bf06', 'aa9665db-056a-11ef-ae6d-e02e0bf8bf06', NULL, 'aa9a0f60-056a-11ef-ae6d-e02e0bf8bf06', 'hr', 'string', 0, '2024-04-28 22:21:55.960', NULL, NULL, NULL, 'staff_9,staff_14,staff_18,staff_32,staff_31,staff_3,admin', NULL);
INSERT INTO `act_hi_detail` VALUES ('aaa88e57-056a-11ef-ae6d-e02e0bf8bf06', 'VariableUpdate', 'aa9665db-056a-11ef-ae6d-e02e0bf8bf06', 'aa9665db-056a-11ef-ae6d-e02e0bf8bf06', NULL, NULL, 'staff', 'string', 1, '2024-04-28 22:21:55.962', NULL, NULL, NULL, 'staff_5', NULL);
INSERT INTO `act_hi_detail` VALUES ('aaaa631b-056a-11ef-ae6d-e02e0bf8bf06', 'VariableUpdate', 'aa9665db-056a-11ef-ae6d-e02e0bf8bf06', 'aa97ec7e-056a-11ef-ae6d-e02e0bf8bf06', 'aaaa3c09-056a-11ef-ae6d-e02e0bf8bf06', NULL, 'staff', 'string', 0, '2024-04-28 22:21:55.974', NULL, NULL, NULL, 'staff_5', NULL);
INSERT INTO `act_hi_detail` VALUES ('aaaa631d-056a-11ef-ae6d-e02e0bf8bf06', 'VariableUpdate', 'aa9665db-056a-11ef-ae6d-e02e0bf8bf06', 'aa97ec7e-056a-11ef-ae6d-e02e0bf8bf06', 'aaaa3c09-056a-11ef-ae6d-e02e0bf8bf06', NULL, 'hr', 'string', 0, '2024-04-28 22:21:55.974', NULL, NULL, NULL, 'staff_9,staff_14,staff_18,staff_32,staff_31,staff_3,admin', NULL);
INSERT INTO `act_hi_detail` VALUES ('b83f81c0-0565-11ef-b6ef-e02e0bf8bf06', 'VariableUpdate', 'b83f81be-0565-11ef-b6ef-e02e0bf8bf06', 'b83f81be-0565-11ef-b6ef-e02e0bf8bf06', NULL, NULL, 'staff', 'string', 0, '2024-04-28 21:46:31.278', NULL, NULL, NULL, 'admin', NULL);
INSERT INTO `act_hi_detail` VALUES ('b83fa8d6-0565-11ef-b6ef-e02e0bf8bf06', 'VariableUpdate', 'b83f81be-0565-11ef-b6ef-e02e0bf8bf06', 'b83f81c1-0565-11ef-b6ef-e02e0bf8bf06', 'b83f81c4-0565-11ef-b6ef-e02e0bf8bf06', NULL, 'staff', 'string', 0, '2024-04-28 21:46:31.279', NULL, NULL, NULL, 'admin', NULL);
INSERT INTO `act_hi_detail` VALUES ('b845ea69-0565-11ef-b6ef-e02e0bf8bf06', 'VariableUpdate', 'b83f81be-0565-11ef-b6ef-e02e0bf8bf06', 'b83f81be-0565-11ef-b6ef-e02e0bf8bf06', NULL, 'b83f81c3-0565-11ef-b6ef-e02e0bf8bf06', 'hr', 'string', 0, '2024-04-28 21:46:31.320', NULL, NULL, NULL, 'staff_9,staff_14,staff_18,staff_32,staff_31,admin,staff_3', NULL);
INSERT INTO `act_hi_detail` VALUES ('b846adba-0565-11ef-b6ef-e02e0bf8bf06', 'VariableUpdate', 'b83f81be-0565-11ef-b6ef-e02e0bf8bf06', 'b83f81be-0565-11ef-b6ef-e02e0bf8bf06', NULL, NULL, 'staff', 'string', 1, '2024-04-28 21:46:31.325', NULL, NULL, NULL, 'admin', NULL);
INSERT INTO `act_hi_detail` VALUES ('b847e63e-0565-11ef-b6ef-e02e0bf8bf06', 'VariableUpdate', 'b83f81be-0565-11ef-b6ef-e02e0bf8bf06', 'b83f81c1-0565-11ef-b6ef-e02e0bf8bf06', 'b847e63c-0565-11ef-b6ef-e02e0bf8bf06', NULL, 'staff', 'string', 0, '2024-04-28 21:46:31.333', NULL, NULL, NULL, 'admin', NULL);
INSERT INTO `act_hi_detail` VALUES ('b847e640-0565-11ef-b6ef-e02e0bf8bf06', 'VariableUpdate', 'b83f81be-0565-11ef-b6ef-e02e0bf8bf06', 'b83f81c1-0565-11ef-b6ef-e02e0bf8bf06', 'b847e63c-0565-11ef-b6ef-e02e0bf8bf06', NULL, 'hr', 'string', 0, '2024-04-28 21:46:31.333', NULL, NULL, NULL, 'staff_9,staff_14,staff_18,staff_32,staff_31,admin,staff_3', NULL);
INSERT INTO `act_hi_detail` VALUES ('ba880a2b-0568-11ef-b6df-e02e0bf8bf06', 'VariableUpdate', 'ba87e319-0568-11ef-b6df-e02e0bf8bf06', 'ba87e319-0568-11ef-b6df-e02e0bf8bf06', NULL, NULL, 'staff', 'string', 0, '2024-04-28 22:08:03.599', NULL, NULL, NULL, 'staff_3', NULL);
INSERT INTO `act_hi_detail` VALUES ('ba885851-0568-11ef-b6df-e02e0bf8bf06', 'VariableUpdate', 'ba87e319-0568-11ef-b6df-e02e0bf8bf06', 'ba880a2c-0568-11ef-b6df-e02e0bf8bf06', 'ba880a2f-0568-11ef-b6df-e02e0bf8bf06', NULL, 'staff', 'string', 0, '2024-04-28 22:08:03.601', NULL, NULL, NULL, 'staff_3', NULL);
INSERT INTO `act_hi_detail` VALUES ('ba8fab54-0568-11ef-b6df-e02e0bf8bf06', 'VariableUpdate', 'ba87e319-0568-11ef-b6df-e02e0bf8bf06', 'ba87e319-0568-11ef-b6df-e02e0bf8bf06', NULL, 'ba880a2e-0568-11ef-b6df-e02e0bf8bf06', 'hr', 'string', 0, '2024-04-28 22:08:03.649', NULL, NULL, NULL, 'staff_9,staff_14,staff_18,staff_32,staff_31,staff_3,admin', NULL);
INSERT INTO `act_hi_detail` VALUES ('ba8ff975-0568-11ef-b6df-e02e0bf8bf06', 'VariableUpdate', 'ba87e319-0568-11ef-b6df-e02e0bf8bf06', 'ba87e319-0568-11ef-b6df-e02e0bf8bf06', NULL, NULL, 'staff', 'string', 1, '2024-04-28 22:08:03.651', NULL, NULL, NULL, 'staff_3', NULL);
INSERT INTO `act_hi_detail` VALUES ('ba90bcc9-0568-11ef-b6df-e02e0bf8bf06', 'VariableUpdate', 'ba87e319-0568-11ef-b6df-e02e0bf8bf06', 'ba880a2c-0568-11ef-b6df-e02e0bf8bf06', 'ba90bcc7-0568-11ef-b6df-e02e0bf8bf06', NULL, 'staff', 'string', 0, '2024-04-28 22:08:03.656', NULL, NULL, NULL, 'staff_3', NULL);
INSERT INTO `act_hi_detail` VALUES ('ba90bccb-0568-11ef-b6df-e02e0bf8bf06', 'VariableUpdate', 'ba87e319-0568-11ef-b6df-e02e0bf8bf06', 'ba880a2c-0568-11ef-b6df-e02e0bf8bf06', 'ba90bcc7-0568-11ef-b6df-e02e0bf8bf06', NULL, 'hr', 'string', 0, '2024-04-28 22:08:03.656', NULL, NULL, NULL, 'staff_9,staff_14,staff_18,staff_32,staff_31,staff_3,admin', NULL);
INSERT INTO `act_hi_detail` VALUES ('dafbfae3-0564-11ef-b6ef-e02e0bf8bf06', 'VariableUpdate', '94cffae2-0552-11ef-a9e3-e02e0bf8bf06', '94cffae2-0552-11ef-a9e3-e02e0bf8bf06', NULL, NULL, 'managerAuditStatus', 'integer', 1, '2024-04-28 21:40:20.059', NULL, NULL, 2, '2', NULL);
INSERT INTO `act_hi_detail` VALUES ('dafd3364-0564-11ef-b6ef-e02e0bf8bf06', 'VariableUpdate', '94cffae2-0552-11ef-a9e3-e02e0bf8bf06', '94cffae2-0552-11ef-a9e3-e02e0bf8bf06', NULL, NULL, 'manager', 'string', 1, '2024-04-28 21:40:20.067', NULL, NULL, NULL, 'staff_29,staff_6,admin,staff_2', NULL);
INSERT INTO `act_hi_detail` VALUES ('dafda895-0564-11ef-b6ef-e02e0bf8bf06', 'VariableUpdate', '94cffae2-0552-11ef-a9e3-e02e0bf8bf06', '94cffae2-0552-11ef-a9e3-e02e0bf8bf06', NULL, NULL, 'hrAuditStatus', 'integer', 2, '2024-04-28 21:40:20.070', NULL, NULL, 2, '2', NULL);
INSERT INTO `act_hi_detail` VALUES ('dafe1dc6-0564-11ef-b6ef-e02e0bf8bf06', 'VariableUpdate', '94cffae2-0552-11ef-a9e3-e02e0bf8bf06', '94cffae2-0552-11ef-a9e3-e02e0bf8bf06', NULL, NULL, 'staff', 'string', 1, '2024-04-28 21:40:20.073', NULL, NULL, NULL, 'admin', NULL);
INSERT INTO `act_hi_detail` VALUES ('dafe44d7-0564-11ef-b6ef-e02e0bf8bf06', 'VariableUpdate', '94cffae2-0552-11ef-a9e3-e02e0bf8bf06', '94cffae2-0552-11ef-a9e3-e02e0bf8bf06', NULL, NULL, 'hr', 'string', 1, '2024-04-28 21:40:20.074', NULL, NULL, NULL, 'staff_9,staff_14,staff_18,staff_32,staff_31,admin,staff_3', NULL);
INSERT INTO `act_hi_detail` VALUES ('db01792b-0564-11ef-b6ef-e02e0bf8bf06', 'VariableUpdate', '94cffae2-0552-11ef-a9e3-e02e0bf8bf06', '94cffae5-0552-11ef-a9e3-e02e0bf8bf06', 'db012b09-0564-11ef-b6ef-e02e0bf8bf06', NULL, 'managerAuditStatus', 'integer', 0, '2024-04-28 21:40:20.095', NULL, NULL, 2, '2', NULL);
INSERT INTO `act_hi_detail` VALUES ('db01792d-0564-11ef-b6ef-e02e0bf8bf06', 'VariableUpdate', '94cffae2-0552-11ef-a9e3-e02e0bf8bf06', '94cffae5-0552-11ef-a9e3-e02e0bf8bf06', 'db012b09-0564-11ef-b6ef-e02e0bf8bf06', NULL, 'manager', 'string', 0, '2024-04-28 21:40:20.095', NULL, NULL, NULL, 'staff_29,staff_6,admin,staff_2', NULL);
INSERT INTO `act_hi_detail` VALUES ('db01792f-0564-11ef-b6ef-e02e0bf8bf06', 'VariableUpdate', '94cffae2-0552-11ef-a9e3-e02e0bf8bf06', '94cffae5-0552-11ef-a9e3-e02e0bf8bf06', 'db012b09-0564-11ef-b6ef-e02e0bf8bf06', NULL, 'hrAuditStatus', 'integer', 0, '2024-04-28 21:40:20.095', NULL, NULL, 2, '2', NULL);
INSERT INTO `act_hi_detail` VALUES ('db017931-0564-11ef-b6ef-e02e0bf8bf06', 'VariableUpdate', '94cffae2-0552-11ef-a9e3-e02e0bf8bf06', '94cffae5-0552-11ef-a9e3-e02e0bf8bf06', 'db012b09-0564-11ef-b6ef-e02e0bf8bf06', NULL, 'staff', 'string', 0, '2024-04-28 21:40:20.095', NULL, NULL, NULL, 'admin', NULL);
INSERT INTO `act_hi_detail` VALUES ('db017933-0564-11ef-b6ef-e02e0bf8bf06', 'VariableUpdate', '94cffae2-0552-11ef-a9e3-e02e0bf8bf06', '94cffae5-0552-11ef-a9e3-e02e0bf8bf06', 'db012b09-0564-11ef-b6ef-e02e0bf8bf06', NULL, 'hr', 'string', 0, '2024-04-28 21:40:20.095', NULL, NULL, NULL, 'staff_9,staff_14,staff_18,staff_32,staff_31,admin,staff_3', NULL);

-- ----------------------------
-- Table structure for act_hi_identitylink
-- ----------------------------
DROP TABLE IF EXISTS `act_hi_identitylink`;
CREATE TABLE `act_hi_identitylink`  (
  `ID_` varchar(64) CHARACTER SET utf8mb3 COLLATE utf8mb3_bin NOT NULL,
  `GROUP_ID_` varchar(255) CHARACTER SET utf8mb3 COLLATE utf8mb3_bin NULL DEFAULT NULL,
  `TYPE_` varchar(255) CHARACTER SET utf8mb3 COLLATE utf8mb3_bin NULL DEFAULT NULL,
  `USER_ID_` varchar(255) CHARACTER SET utf8mb3 COLLATE utf8mb3_bin NULL DEFAULT NULL,
  `TASK_ID_` varchar(64) CHARACTER SET utf8mb3 COLLATE utf8mb3_bin NULL DEFAULT NULL,
  `PROC_INST_ID_` varchar(64) CHARACTER SET utf8mb3 COLLATE utf8mb3_bin NULL DEFAULT NULL,
  PRIMARY KEY (`ID_`) USING BTREE,
  INDEX `ACT_IDX_HI_IDENT_LNK_USER`(`USER_ID_`) USING BTREE,
  INDEX `ACT_IDX_HI_IDENT_LNK_TASK`(`TASK_ID_`) USING BTREE,
  INDEX `ACT_IDX_HI_IDENT_LNK_PROCINST`(`PROC_INST_ID_`) USING BTREE
) ENGINE = InnoDB CHARACTER SET = utf8mb3 COLLATE = utf8mb3_bin ROW_FORMAT = Dynamic;

-- ----------------------------
-- Records of act_hi_identitylink
-- ----------------------------
INSERT INTO `act_hi_identitylink` VALUES ('00154a91-055c-11ef-b6ef-e02e0bf8bf06', NULL, 'candidate', 'staff_9', '00146026-055c-11ef-b6ef-e02e0bf8bf06', NULL);
INSERT INTO `act_hi_identitylink` VALUES ('001598b2-055c-11ef-b6ef-e02e0bf8bf06', NULL, 'candidate', 'staff_14', '00146026-055c-11ef-b6ef-e02e0bf8bf06', NULL);
INSERT INTO `act_hi_identitylink` VALUES ('001598b3-055c-11ef-b6ef-e02e0bf8bf06', NULL, 'candidate', 'staff_18', '00146026-055c-11ef-b6ef-e02e0bf8bf06', NULL);
INSERT INTO `act_hi_identitylink` VALUES ('001598b4-055c-11ef-b6ef-e02e0bf8bf06', NULL, 'candidate', 'staff_32', '00146026-055c-11ef-b6ef-e02e0bf8bf06', NULL);
INSERT INTO `act_hi_identitylink` VALUES ('001598b5-055c-11ef-b6ef-e02e0bf8bf06', NULL, 'candidate', 'staff_31', '00146026-055c-11ef-b6ef-e02e0bf8bf06', NULL);
INSERT INTO `act_hi_identitylink` VALUES ('001598b6-055c-11ef-b6ef-e02e0bf8bf06', NULL, 'candidate', 'admin', '00146026-055c-11ef-b6ef-e02e0bf8bf06', NULL);
INSERT INTO `act_hi_identitylink` VALUES ('001598b7-055c-11ef-b6ef-e02e0bf8bf06', NULL, 'candidate', 'staff_3', '00146026-055c-11ef-b6ef-e02e0bf8bf06', NULL);
INSERT INTO `act_hi_identitylink` VALUES ('091edff0-0552-11ef-a9e3-e02e0bf8bf06', NULL, 'participant', 'admin', NULL, '09173ec7-0552-11ef-a9e3-e02e0bf8bf06');
INSERT INTO `act_hi_identitylink` VALUES ('092a2a9a-0552-11ef-a9e3-e02e0bf8bf06', NULL, 'candidate', 'staff_9', '0929b565-0552-11ef-a9e3-e02e0bf8bf06', NULL);
INSERT INTO `act_hi_identitylink` VALUES ('092a9fcb-0552-11ef-a9e3-e02e0bf8bf06', NULL, 'participant', 'staff_9', NULL, '09173ec7-0552-11ef-a9e3-e02e0bf8bf06');
INSERT INTO `act_hi_identitylink` VALUES ('092a9fcc-0552-11ef-a9e3-e02e0bf8bf06', NULL, 'candidate', 'staff_14', '0929b565-0552-11ef-a9e3-e02e0bf8bf06', NULL);
INSERT INTO `act_hi_identitylink` VALUES ('092a9fcd-0552-11ef-a9e3-e02e0bf8bf06', NULL, 'participant', 'staff_14', NULL, '09173ec7-0552-11ef-a9e3-e02e0bf8bf06');
INSERT INTO `act_hi_identitylink` VALUES ('092a9fce-0552-11ef-a9e3-e02e0bf8bf06', NULL, 'candidate', 'staff_18', '0929b565-0552-11ef-a9e3-e02e0bf8bf06', NULL);
INSERT INTO `act_hi_identitylink` VALUES ('092a9fcf-0552-11ef-a9e3-e02e0bf8bf06', NULL, 'participant', 'staff_18', NULL, '09173ec7-0552-11ef-a9e3-e02e0bf8bf06');
INSERT INTO `act_hi_identitylink` VALUES ('092a9fd0-0552-11ef-a9e3-e02e0bf8bf06', NULL, 'candidate', 'staff_32', '0929b565-0552-11ef-a9e3-e02e0bf8bf06', NULL);
INSERT INTO `act_hi_identitylink` VALUES ('092a9fd1-0552-11ef-a9e3-e02e0bf8bf06', NULL, 'participant', 'staff_32', NULL, '09173ec7-0552-11ef-a9e3-e02e0bf8bf06');
INSERT INTO `act_hi_identitylink` VALUES ('092a9fd2-0552-11ef-a9e3-e02e0bf8bf06', NULL, 'candidate', 'staff_31', '0929b565-0552-11ef-a9e3-e02e0bf8bf06', NULL);
INSERT INTO `act_hi_identitylink` VALUES ('092a9fd3-0552-11ef-a9e3-e02e0bf8bf06', NULL, 'participant', 'staff_31', NULL, '09173ec7-0552-11ef-a9e3-e02e0bf8bf06');
INSERT INTO `act_hi_identitylink` VALUES ('092a9fd4-0552-11ef-a9e3-e02e0bf8bf06', NULL, 'candidate', 'admin', '0929b565-0552-11ef-a9e3-e02e0bf8bf06', NULL);
INSERT INTO `act_hi_identitylink` VALUES ('092a9fd5-0552-11ef-a9e3-e02e0bf8bf06', NULL, 'candidate', 'staff_3', '0929b565-0552-11ef-a9e3-e02e0bf8bf06', NULL);
INSERT INTO `act_hi_identitylink` VALUES ('092a9fd6-0552-11ef-a9e3-e02e0bf8bf06', NULL, 'participant', 'staff_3', NULL, '09173ec7-0552-11ef-a9e3-e02e0bf8bf06');
INSERT INTO `act_hi_identitylink` VALUES ('16886775-0552-11ef-a9e3-e02e0bf8bf06', NULL, 'candidate', 'staff_29', '16877e0c-0552-11ef-a9e3-e02e0bf8bf06', NULL);
INSERT INTO `act_hi_identitylink` VALUES ('168951d6-0552-11ef-a9e3-e02e0bf8bf06', NULL, 'participant', 'staff_29', NULL, '09173ec7-0552-11ef-a9e3-e02e0bf8bf06');
INSERT INTO `act_hi_identitylink` VALUES ('168951d7-0552-11ef-a9e3-e02e0bf8bf06', NULL, 'candidate', 'staff_6', '16877e0c-0552-11ef-a9e3-e02e0bf8bf06', NULL);
INSERT INTO `act_hi_identitylink` VALUES ('168951d8-0552-11ef-a9e3-e02e0bf8bf06', NULL, 'participant', 'staff_6', NULL, '09173ec7-0552-11ef-a9e3-e02e0bf8bf06');
INSERT INTO `act_hi_identitylink` VALUES ('168951d9-0552-11ef-a9e3-e02e0bf8bf06', NULL, 'candidate', 'admin', '16877e0c-0552-11ef-a9e3-e02e0bf8bf06', NULL);
INSERT INTO `act_hi_identitylink` VALUES ('168951da-0552-11ef-a9e3-e02e0bf8bf06', NULL, 'candidate', 'staff_2', '16877e0c-0552-11ef-a9e3-e02e0bf8bf06', NULL);
INSERT INTO `act_hi_identitylink` VALUES ('168951db-0552-11ef-a9e3-e02e0bf8bf06', NULL, 'participant', 'staff_2', NULL, '09173ec7-0552-11ef-a9e3-e02e0bf8bf06');
INSERT INTO `act_hi_identitylink` VALUES ('193eb385-0565-11ef-b6ef-e02e0bf8bf06', NULL, 'candidate', 'staff_9', '1939aa6a-0565-11ef-b6ef-e02e0bf8bf06', NULL);
INSERT INTO `act_hi_identitylink` VALUES ('193f01a6-0565-11ef-b6ef-e02e0bf8bf06', NULL, 'candidate', 'staff_14', '1939aa6a-0565-11ef-b6ef-e02e0bf8bf06', NULL);
INSERT INTO `act_hi_identitylink` VALUES ('193f01a7-0565-11ef-b6ef-e02e0bf8bf06', NULL, 'candidate', 'staff_18', '1939aa6a-0565-11ef-b6ef-e02e0bf8bf06', NULL);
INSERT INTO `act_hi_identitylink` VALUES ('193f01a8-0565-11ef-b6ef-e02e0bf8bf06', NULL, 'candidate', 'staff_32', '1939aa6a-0565-11ef-b6ef-e02e0bf8bf06', NULL);
INSERT INTO `act_hi_identitylink` VALUES ('193f01a9-0565-11ef-b6ef-e02e0bf8bf06', NULL, 'candidate', 'staff_31', '1939aa6a-0565-11ef-b6ef-e02e0bf8bf06', NULL);
INSERT INTO `act_hi_identitylink` VALUES ('193f01aa-0565-11ef-b6ef-e02e0bf8bf06', NULL, 'candidate', 'admin', '1939aa6a-0565-11ef-b6ef-e02e0bf8bf06', NULL);
INSERT INTO `act_hi_identitylink` VALUES ('193f01ab-0565-11ef-b6ef-e02e0bf8bf06', NULL, 'candidate', 'staff_3', '1939aa6a-0565-11ef-b6ef-e02e0bf8bf06', NULL);
INSERT INTO `act_hi_identitylink` VALUES ('30f47ece-0565-11ef-b6ef-e02e0bf8bf06', NULL, 'candidate', 'staff_29', '30f3bb73-0565-11ef-b6ef-e02e0bf8bf06', NULL);
INSERT INTO `act_hi_identitylink` VALUES ('30f4ccef-0565-11ef-b6ef-e02e0bf8bf06', NULL, 'candidate', 'staff_6', '30f3bb73-0565-11ef-b6ef-e02e0bf8bf06', NULL);
INSERT INTO `act_hi_identitylink` VALUES ('30f4ccf0-0565-11ef-b6ef-e02e0bf8bf06', NULL, 'candidate', 'admin', '30f3bb73-0565-11ef-b6ef-e02e0bf8bf06', NULL);
INSERT INTO `act_hi_identitylink` VALUES ('30f4ccf1-0565-11ef-b6ef-e02e0bf8bf06', NULL, 'candidate', 'staff_2', '30f3bb73-0565-11ef-b6ef-e02e0bf8bf06', NULL);
INSERT INTO `act_hi_identitylink` VALUES ('36a2063a-055d-11ef-b6ef-e02e0bf8bf06', NULL, 'candidate', 'staff_9', '36a142df-055d-11ef-b6ef-e02e0bf8bf06', NULL);
INSERT INTO `act_hi_identitylink` VALUES ('36a2545b-055d-11ef-b6ef-e02e0bf8bf06', NULL, 'candidate', 'staff_14', '36a142df-055d-11ef-b6ef-e02e0bf8bf06', NULL);
INSERT INTO `act_hi_identitylink` VALUES ('36a2545c-055d-11ef-b6ef-e02e0bf8bf06', NULL, 'candidate', 'staff_18', '36a142df-055d-11ef-b6ef-e02e0bf8bf06', NULL);
INSERT INTO `act_hi_identitylink` VALUES ('36a2545d-055d-11ef-b6ef-e02e0bf8bf06', NULL, 'candidate', 'staff_32', '36a142df-055d-11ef-b6ef-e02e0bf8bf06', NULL);
INSERT INTO `act_hi_identitylink` VALUES ('36a2545e-055d-11ef-b6ef-e02e0bf8bf06', NULL, 'candidate', 'staff_31', '36a142df-055d-11ef-b6ef-e02e0bf8bf06', NULL);
INSERT INTO `act_hi_identitylink` VALUES ('36a2545f-055d-11ef-b6ef-e02e0bf8bf06', NULL, 'candidate', 'admin', '36a142df-055d-11ef-b6ef-e02e0bf8bf06', NULL);
INSERT INTO `act_hi_identitylink` VALUES ('36a27b70-055d-11ef-b6ef-e02e0bf8bf06', NULL, 'candidate', 'staff_3', '36a142df-055d-11ef-b6ef-e02e0bf8bf06', NULL);
INSERT INTO `act_hi_identitylink` VALUES ('4fb0629c-0565-11ef-b6ef-e02e0bf8bf06', NULL, 'participant', 'admin', NULL, '4faf5123-0565-11ef-b6ef-e02e0bf8bf06');
INSERT INTO `act_hi_identitylink` VALUES ('4fbbd456-0565-11ef-b6ef-e02e0bf8bf06', NULL, 'candidate', 'staff_9', '4fbb3811-0565-11ef-b6ef-e02e0bf8bf06', NULL);
INSERT INTO `act_hi_identitylink` VALUES ('4fbbfb67-0565-11ef-b6ef-e02e0bf8bf06', NULL, 'participant', 'staff_9', NULL, '4faf5123-0565-11ef-b6ef-e02e0bf8bf06');
INSERT INTO `act_hi_identitylink` VALUES ('4fbbfb68-0565-11ef-b6ef-e02e0bf8bf06', NULL, 'candidate', 'staff_14', '4fbb3811-0565-11ef-b6ef-e02e0bf8bf06', NULL);
INSERT INTO `act_hi_identitylink` VALUES ('4fbbfb69-0565-11ef-b6ef-e02e0bf8bf06', NULL, 'participant', 'staff_14', NULL, '4faf5123-0565-11ef-b6ef-e02e0bf8bf06');
INSERT INTO `act_hi_identitylink` VALUES ('4fbbfb6a-0565-11ef-b6ef-e02e0bf8bf06', NULL, 'candidate', 'staff_18', '4fbb3811-0565-11ef-b6ef-e02e0bf8bf06', NULL);
INSERT INTO `act_hi_identitylink` VALUES ('4fbbfb6b-0565-11ef-b6ef-e02e0bf8bf06', NULL, 'participant', 'staff_18', NULL, '4faf5123-0565-11ef-b6ef-e02e0bf8bf06');
INSERT INTO `act_hi_identitylink` VALUES ('4fbbfb6c-0565-11ef-b6ef-e02e0bf8bf06', NULL, 'candidate', 'staff_32', '4fbb3811-0565-11ef-b6ef-e02e0bf8bf06', NULL);
INSERT INTO `act_hi_identitylink` VALUES ('4fbbfb6d-0565-11ef-b6ef-e02e0bf8bf06', NULL, 'participant', 'staff_32', NULL, '4faf5123-0565-11ef-b6ef-e02e0bf8bf06');
INSERT INTO `act_hi_identitylink` VALUES ('4fbbfb6e-0565-11ef-b6ef-e02e0bf8bf06', NULL, 'candidate', 'staff_31', '4fbb3811-0565-11ef-b6ef-e02e0bf8bf06', NULL);
INSERT INTO `act_hi_identitylink` VALUES ('4fbbfb6f-0565-11ef-b6ef-e02e0bf8bf06', NULL, 'participant', 'staff_31', NULL, '4faf5123-0565-11ef-b6ef-e02e0bf8bf06');
INSERT INTO `act_hi_identitylink` VALUES ('4fbbfb70-0565-11ef-b6ef-e02e0bf8bf06', NULL, 'candidate', 'admin', '4fbb3811-0565-11ef-b6ef-e02e0bf8bf06', NULL);
INSERT INTO `act_hi_identitylink` VALUES ('4fbbfb71-0565-11ef-b6ef-e02e0bf8bf06', NULL, 'candidate', 'staff_3', '4fbb3811-0565-11ef-b6ef-e02e0bf8bf06', NULL);
INSERT INTO `act_hi_identitylink` VALUES ('4fbbfb72-0565-11ef-b6ef-e02e0bf8bf06', NULL, 'participant', 'staff_3', NULL, '4faf5123-0565-11ef-b6ef-e02e0bf8bf06');
INSERT INTO `act_hi_identitylink` VALUES ('5314c6df-0569-11ef-b7f5-e02e0bf8bf06', NULL, 'candidate', 'staff_29', '531478b6-0569-11ef-b7f5-e02e0bf8bf06', NULL);
INSERT INTO `act_hi_identitylink` VALUES ('53151500-0569-11ef-b7f5-e02e0bf8bf06', NULL, 'participant', 'staff_29', NULL, 'ba87e319-0568-11ef-b6df-e02e0bf8bf06');
INSERT INTO `act_hi_identitylink` VALUES ('53151501-0569-11ef-b7f5-e02e0bf8bf06', NULL, 'candidate', 'staff_6', '531478b6-0569-11ef-b7f5-e02e0bf8bf06', NULL);
INSERT INTO `act_hi_identitylink` VALUES ('53151502-0569-11ef-b7f5-e02e0bf8bf06', NULL, 'participant', 'staff_6', NULL, 'ba87e319-0568-11ef-b6df-e02e0bf8bf06');
INSERT INTO `act_hi_identitylink` VALUES ('53151503-0569-11ef-b7f5-e02e0bf8bf06', NULL, 'candidate', 'staff_2', '531478b6-0569-11ef-b7f5-e02e0bf8bf06', NULL);
INSERT INTO `act_hi_identitylink` VALUES ('53151504-0569-11ef-b7f5-e02e0bf8bf06', NULL, 'participant', 'staff_2', NULL, 'ba87e319-0568-11ef-b6df-e02e0bf8bf06');
INSERT INTO `act_hi_identitylink` VALUES ('53151505-0569-11ef-b7f5-e02e0bf8bf06', NULL, 'candidate', 'admin', '531478b6-0569-11ef-b7f5-e02e0bf8bf06', NULL);
INSERT INTO `act_hi_identitylink` VALUES ('6da721ac-0565-11ef-b6ef-e02e0bf8bf06', NULL, 'participant', 'admin', NULL, '6da6ac73-0565-11ef-b6ef-e02e0bf8bf06');
INSERT INTO `act_hi_identitylink` VALUES ('6db02266-0565-11ef-b6ef-e02e0bf8bf06', NULL, 'candidate', 'staff_9', '6daffb51-0565-11ef-b6ef-e02e0bf8bf06', NULL);
INSERT INTO `act_hi_identitylink` VALUES ('6db04977-0565-11ef-b6ef-e02e0bf8bf06', NULL, 'participant', 'staff_9', NULL, '6da6ac73-0565-11ef-b6ef-e02e0bf8bf06');
INSERT INTO `act_hi_identitylink` VALUES ('6db04978-0565-11ef-b6ef-e02e0bf8bf06', NULL, 'candidate', 'staff_14', '6daffb51-0565-11ef-b6ef-e02e0bf8bf06', NULL);
INSERT INTO `act_hi_identitylink` VALUES ('6db04979-0565-11ef-b6ef-e02e0bf8bf06', NULL, 'participant', 'staff_14', NULL, '6da6ac73-0565-11ef-b6ef-e02e0bf8bf06');
INSERT INTO `act_hi_identitylink` VALUES ('6db0497a-0565-11ef-b6ef-e02e0bf8bf06', NULL, 'candidate', 'staff_18', '6daffb51-0565-11ef-b6ef-e02e0bf8bf06', NULL);
INSERT INTO `act_hi_identitylink` VALUES ('6db0497b-0565-11ef-b6ef-e02e0bf8bf06', NULL, 'participant', 'staff_18', NULL, '6da6ac73-0565-11ef-b6ef-e02e0bf8bf06');
INSERT INTO `act_hi_identitylink` VALUES ('6db0497c-0565-11ef-b6ef-e02e0bf8bf06', NULL, 'candidate', 'staff_32', '6daffb51-0565-11ef-b6ef-e02e0bf8bf06', NULL);
INSERT INTO `act_hi_identitylink` VALUES ('6db0497d-0565-11ef-b6ef-e02e0bf8bf06', NULL, 'participant', 'staff_32', NULL, '6da6ac73-0565-11ef-b6ef-e02e0bf8bf06');
INSERT INTO `act_hi_identitylink` VALUES ('6db0497e-0565-11ef-b6ef-e02e0bf8bf06', NULL, 'candidate', 'staff_31', '6daffb51-0565-11ef-b6ef-e02e0bf8bf06', NULL);
INSERT INTO `act_hi_identitylink` VALUES ('6db0497f-0565-11ef-b6ef-e02e0bf8bf06', NULL, 'participant', 'staff_31', NULL, '6da6ac73-0565-11ef-b6ef-e02e0bf8bf06');
INSERT INTO `act_hi_identitylink` VALUES ('6db04980-0565-11ef-b6ef-e02e0bf8bf06', NULL, 'candidate', 'admin', '6daffb51-0565-11ef-b6ef-e02e0bf8bf06', NULL);
INSERT INTO `act_hi_identitylink` VALUES ('6db04981-0565-11ef-b6ef-e02e0bf8bf06', NULL, 'candidate', 'staff_3', '6daffb51-0565-11ef-b6ef-e02e0bf8bf06', NULL);
INSERT INTO `act_hi_identitylink` VALUES ('6db04982-0565-11ef-b6ef-e02e0bf8bf06', NULL, 'participant', 'staff_3', NULL, '6da6ac73-0565-11ef-b6ef-e02e0bf8bf06');
INSERT INTO `act_hi_identitylink` VALUES ('75481ac1-0565-11ef-b6ef-e02e0bf8bf06', NULL, 'candidate', 'staff_29', '7547a588-0565-11ef-b6ef-e02e0bf8bf06', NULL);
INSERT INTO `act_hi_identitylink` VALUES ('754841d2-0565-11ef-b6ef-e02e0bf8bf06', NULL, 'participant', 'staff_29', NULL, '6da6ac73-0565-11ef-b6ef-e02e0bf8bf06');
INSERT INTO `act_hi_identitylink` VALUES ('754841d3-0565-11ef-b6ef-e02e0bf8bf06', NULL, 'candidate', 'staff_6', '7547a588-0565-11ef-b6ef-e02e0bf8bf06', NULL);
INSERT INTO `act_hi_identitylink` VALUES ('754841d4-0565-11ef-b6ef-e02e0bf8bf06', NULL, 'participant', 'staff_6', NULL, '6da6ac73-0565-11ef-b6ef-e02e0bf8bf06');
INSERT INTO `act_hi_identitylink` VALUES ('754841d5-0565-11ef-b6ef-e02e0bf8bf06', NULL, 'candidate', 'admin', '7547a588-0565-11ef-b6ef-e02e0bf8bf06', NULL);
INSERT INTO `act_hi_identitylink` VALUES ('754841d6-0565-11ef-b6ef-e02e0bf8bf06', NULL, 'candidate', 'staff_2', '7547a588-0565-11ef-b6ef-e02e0bf8bf06', NULL);
INSERT INTO `act_hi_identitylink` VALUES ('754841d7-0565-11ef-b6ef-e02e0bf8bf06', NULL, 'participant', 'staff_2', NULL, '6da6ac73-0565-11ef-b6ef-e02e0bf8bf06');
INSERT INTO `act_hi_identitylink` VALUES ('94d0490b-0552-11ef-a9e3-e02e0bf8bf06', NULL, 'participant', 'admin', NULL, '94cffae2-0552-11ef-a9e3-e02e0bf8bf06');
INSERT INTO `act_hi_identitylink` VALUES ('94db6ca5-0552-11ef-a9e3-e02e0bf8bf06', NULL, 'candidate', 'staff_9', '94db4590-0552-11ef-a9e3-e02e0bf8bf06', NULL);
INSERT INTO `act_hi_identitylink` VALUES ('94db93b6-0552-11ef-a9e3-e02e0bf8bf06', NULL, 'participant', 'staff_9', NULL, '94cffae2-0552-11ef-a9e3-e02e0bf8bf06');
INSERT INTO `act_hi_identitylink` VALUES ('94db93b7-0552-11ef-a9e3-e02e0bf8bf06', NULL, 'candidate', 'staff_14', '94db4590-0552-11ef-a9e3-e02e0bf8bf06', NULL);
INSERT INTO `act_hi_identitylink` VALUES ('94db93b8-0552-11ef-a9e3-e02e0bf8bf06', NULL, 'participant', 'staff_14', NULL, '94cffae2-0552-11ef-a9e3-e02e0bf8bf06');
INSERT INTO `act_hi_identitylink` VALUES ('94db93b9-0552-11ef-a9e3-e02e0bf8bf06', NULL, 'candidate', 'staff_18', '94db4590-0552-11ef-a9e3-e02e0bf8bf06', NULL);
INSERT INTO `act_hi_identitylink` VALUES ('94db93ba-0552-11ef-a9e3-e02e0bf8bf06', NULL, 'participant', 'staff_18', NULL, '94cffae2-0552-11ef-a9e3-e02e0bf8bf06');
INSERT INTO `act_hi_identitylink` VALUES ('94db93bb-0552-11ef-a9e3-e02e0bf8bf06', NULL, 'candidate', 'staff_32', '94db4590-0552-11ef-a9e3-e02e0bf8bf06', NULL);
INSERT INTO `act_hi_identitylink` VALUES ('94db93bc-0552-11ef-a9e3-e02e0bf8bf06', NULL, 'participant', 'staff_32', NULL, '94cffae2-0552-11ef-a9e3-e02e0bf8bf06');
INSERT INTO `act_hi_identitylink` VALUES ('94dbbacd-0552-11ef-a9e3-e02e0bf8bf06', NULL, 'candidate', 'staff_31', '94db4590-0552-11ef-a9e3-e02e0bf8bf06', NULL);
INSERT INTO `act_hi_identitylink` VALUES ('94dbbace-0552-11ef-a9e3-e02e0bf8bf06', NULL, 'participant', 'staff_31', NULL, '94cffae2-0552-11ef-a9e3-e02e0bf8bf06');
INSERT INTO `act_hi_identitylink` VALUES ('94dbbacf-0552-11ef-a9e3-e02e0bf8bf06', NULL, 'candidate', 'admin', '94db4590-0552-11ef-a9e3-e02e0bf8bf06', NULL);
INSERT INTO `act_hi_identitylink` VALUES ('94dbbad0-0552-11ef-a9e3-e02e0bf8bf06', NULL, 'candidate', 'staff_3', '94db4590-0552-11ef-a9e3-e02e0bf8bf06', NULL);
INSERT INTO `act_hi_identitylink` VALUES ('94dbbad1-0552-11ef-a9e3-e02e0bf8bf06', NULL, 'participant', 'staff_3', NULL, '94cffae2-0552-11ef-a9e3-e02e0bf8bf06');
INSERT INTO `act_hi_identitylink` VALUES ('9a235a80-0552-11ef-a9e3-e02e0bf8bf06', NULL, 'candidate', 'staff_29', '9a233367-0552-11ef-a9e3-e02e0bf8bf06', NULL);
INSERT INTO `act_hi_identitylink` VALUES ('9a23a8a1-0552-11ef-a9e3-e02e0bf8bf06', NULL, 'participant', 'staff_29', NULL, '94cffae2-0552-11ef-a9e3-e02e0bf8bf06');
INSERT INTO `act_hi_identitylink` VALUES ('9a23a8a2-0552-11ef-a9e3-e02e0bf8bf06', NULL, 'candidate', 'staff_6', '9a233367-0552-11ef-a9e3-e02e0bf8bf06', NULL);
INSERT INTO `act_hi_identitylink` VALUES ('9a23a8a3-0552-11ef-a9e3-e02e0bf8bf06', NULL, 'participant', 'staff_6', NULL, '94cffae2-0552-11ef-a9e3-e02e0bf8bf06');
INSERT INTO `act_hi_identitylink` VALUES ('9a23a8a4-0552-11ef-a9e3-e02e0bf8bf06', NULL, 'candidate', 'admin', '9a233367-0552-11ef-a9e3-e02e0bf8bf06', NULL);
INSERT INTO `act_hi_identitylink` VALUES ('9a23a8a5-0552-11ef-a9e3-e02e0bf8bf06', NULL, 'candidate', 'staff_2', '9a233367-0552-11ef-a9e3-e02e0bf8bf06', NULL);
INSERT INTO `act_hi_identitylink` VALUES ('9a23a8a6-0552-11ef-a9e3-e02e0bf8bf06', NULL, 'participant', 'staff_2', NULL, '94cffae2-0552-11ef-a9e3-e02e0bf8bf06');
INSERT INTO `act_hi_identitylink` VALUES ('a8e7d68c-0560-11ef-b6ef-e02e0bf8bf06', NULL, 'candidate', 'staff_9', 'a8e76151-0560-11ef-b6ef-e02e0bf8bf06', NULL);
INSERT INTO `act_hi_identitylink` VALUES ('a8e7fd9d-0560-11ef-b6ef-e02e0bf8bf06', NULL, 'candidate', 'staff_14', 'a8e76151-0560-11ef-b6ef-e02e0bf8bf06', NULL);
INSERT INTO `act_hi_identitylink` VALUES ('a8e7fd9e-0560-11ef-b6ef-e02e0bf8bf06', NULL, 'candidate', 'staff_18', 'a8e76151-0560-11ef-b6ef-e02e0bf8bf06', NULL);
INSERT INTO `act_hi_identitylink` VALUES ('a8e7fd9f-0560-11ef-b6ef-e02e0bf8bf06', NULL, 'candidate', 'staff_32', 'a8e76151-0560-11ef-b6ef-e02e0bf8bf06', NULL);
INSERT INTO `act_hi_identitylink` VALUES ('a8e7fda0-0560-11ef-b6ef-e02e0bf8bf06', NULL, 'candidate', 'staff_31', 'a8e76151-0560-11ef-b6ef-e02e0bf8bf06', NULL);
INSERT INTO `act_hi_identitylink` VALUES ('a8e7fda1-0560-11ef-b6ef-e02e0bf8bf06', NULL, 'candidate', 'admin', 'a8e76151-0560-11ef-b6ef-e02e0bf8bf06', NULL);
INSERT INTO `act_hi_identitylink` VALUES ('a8e7fda2-0560-11ef-b6ef-e02e0bf8bf06', NULL, 'candidate', 'staff_3', 'a8e76151-0560-11ef-b6ef-e02e0bf8bf06', NULL);
INSERT INTO `act_hi_identitylink` VALUES ('a92f9441-0568-11ef-b6df-e02e0bf8bf06', NULL, 'participant', 'staff_2', NULL, 'a9242288-0568-11ef-b6df-e02e0bf8bf06');
INSERT INTO `act_hi_identitylink` VALUES ('a93e3a4b-0568-11ef-b6df-e02e0bf8bf06', NULL, 'candidate', 'staff_9', 'a93e1336-0568-11ef-b6df-e02e0bf8bf06', NULL);
INSERT INTO `act_hi_identitylink` VALUES ('a93eaf7c-0568-11ef-b6df-e02e0bf8bf06', NULL, 'participant', 'staff_9', NULL, 'a9242288-0568-11ef-b6df-e02e0bf8bf06');
INSERT INTO `act_hi_identitylink` VALUES ('a93eaf7d-0568-11ef-b6df-e02e0bf8bf06', NULL, 'candidate', 'staff_14', 'a93e1336-0568-11ef-b6df-e02e0bf8bf06', NULL);
INSERT INTO `act_hi_identitylink` VALUES ('a93eaf7e-0568-11ef-b6df-e02e0bf8bf06', NULL, 'participant', 'staff_14', NULL, 'a9242288-0568-11ef-b6df-e02e0bf8bf06');
INSERT INTO `act_hi_identitylink` VALUES ('a93eaf7f-0568-11ef-b6df-e02e0bf8bf06', NULL, 'candidate', 'staff_18', 'a93e1336-0568-11ef-b6df-e02e0bf8bf06', NULL);
INSERT INTO `act_hi_identitylink` VALUES ('a93eaf80-0568-11ef-b6df-e02e0bf8bf06', NULL, 'participant', 'staff_18', NULL, 'a9242288-0568-11ef-b6df-e02e0bf8bf06');
INSERT INTO `act_hi_identitylink` VALUES ('a93eaf81-0568-11ef-b6df-e02e0bf8bf06', NULL, 'candidate', 'staff_32', 'a93e1336-0568-11ef-b6df-e02e0bf8bf06', NULL);
INSERT INTO `act_hi_identitylink` VALUES ('a93ed692-0568-11ef-b6df-e02e0bf8bf06', NULL, 'participant', 'staff_32', NULL, 'a9242288-0568-11ef-b6df-e02e0bf8bf06');
INSERT INTO `act_hi_identitylink` VALUES ('a93ed693-0568-11ef-b6df-e02e0bf8bf06', NULL, 'candidate', 'staff_31', 'a93e1336-0568-11ef-b6df-e02e0bf8bf06', NULL);
INSERT INTO `act_hi_identitylink` VALUES ('a93ed694-0568-11ef-b6df-e02e0bf8bf06', NULL, 'participant', 'staff_31', NULL, 'a9242288-0568-11ef-b6df-e02e0bf8bf06');
INSERT INTO `act_hi_identitylink` VALUES ('a93ed695-0568-11ef-b6df-e02e0bf8bf06', NULL, 'candidate', 'staff_3', 'a93e1336-0568-11ef-b6df-e02e0bf8bf06', NULL);
INSERT INTO `act_hi_identitylink` VALUES ('a93ed696-0568-11ef-b6df-e02e0bf8bf06', NULL, 'participant', 'staff_3', NULL, 'a9242288-0568-11ef-b6df-e02e0bf8bf06');
INSERT INTO `act_hi_identitylink` VALUES ('a93ed697-0568-11ef-b6df-e02e0bf8bf06', NULL, 'candidate', 'admin', 'a93e1336-0568-11ef-b6df-e02e0bf8bf06', NULL);
INSERT INTO `act_hi_identitylink` VALUES ('a93ed698-0568-11ef-b6df-e02e0bf8bf06', NULL, 'participant', 'admin', NULL, 'a9242288-0568-11ef-b6df-e02e0bf8bf06');
INSERT INTO `act_hi_identitylink` VALUES ('aa4008d3-055f-11ef-b6ef-e02e0bf8bf06', NULL, 'candidate', 'staff_9', 'aa3f1f68-055f-11ef-b6ef-e02e0bf8bf06', NULL);
INSERT INTO `act_hi_identitylink` VALUES ('aa407e04-055f-11ef-b6ef-e02e0bf8bf06', NULL, 'candidate', 'staff_14', 'aa3f1f68-055f-11ef-b6ef-e02e0bf8bf06', NULL);
INSERT INTO `act_hi_identitylink` VALUES ('aa407e05-055f-11ef-b6ef-e02e0bf8bf06', NULL, 'candidate', 'staff_18', 'aa3f1f68-055f-11ef-b6ef-e02e0bf8bf06', NULL);
INSERT INTO `act_hi_identitylink` VALUES ('aa407e06-055f-11ef-b6ef-e02e0bf8bf06', NULL, 'candidate', 'staff_32', 'aa3f1f68-055f-11ef-b6ef-e02e0bf8bf06', NULL);
INSERT INTO `act_hi_identitylink` VALUES ('aa407e07-055f-11ef-b6ef-e02e0bf8bf06', NULL, 'candidate', 'staff_31', 'aa3f1f68-055f-11ef-b6ef-e02e0bf8bf06', NULL);
INSERT INTO `act_hi_identitylink` VALUES ('aa407e08-055f-11ef-b6ef-e02e0bf8bf06', NULL, 'candidate', 'admin', 'aa3f1f68-055f-11ef-b6ef-e02e0bf8bf06', NULL);
INSERT INTO `act_hi_identitylink` VALUES ('aa407e09-055f-11ef-b6ef-e02e0bf8bf06', NULL, 'candidate', 'staff_3', 'aa3f1f68-055f-11ef-b6ef-e02e0bf8bf06', NULL);
INSERT INTO `act_hi_identitylink` VALUES ('aa9d6ac4-056a-11ef-ae6d-e02e0bf8bf06', NULL, 'participant', 'staff_5', NULL, 'aa9665db-056a-11ef-ae6d-e02e0bf8bf06');
INSERT INTO `act_hi_identitylink` VALUES ('aaaa8a2e-056a-11ef-ae6d-e02e0bf8bf06', NULL, 'candidate', 'staff_9', 'aaaa3c09-056a-11ef-ae6d-e02e0bf8bf06', NULL);
INSERT INTO `act_hi_identitylink` VALUES ('aaaab13f-056a-11ef-ae6d-e02e0bf8bf06', NULL, 'participant', 'staff_9', NULL, 'aa9665db-056a-11ef-ae6d-e02e0bf8bf06');
INSERT INTO `act_hi_identitylink` VALUES ('aaaab140-056a-11ef-ae6d-e02e0bf8bf06', NULL, 'candidate', 'staff_14', 'aaaa3c09-056a-11ef-ae6d-e02e0bf8bf06', NULL);
INSERT INTO `act_hi_identitylink` VALUES ('aaaab141-056a-11ef-ae6d-e02e0bf8bf06', NULL, 'participant', 'staff_14', NULL, 'aa9665db-056a-11ef-ae6d-e02e0bf8bf06');
INSERT INTO `act_hi_identitylink` VALUES ('aaaab142-056a-11ef-ae6d-e02e0bf8bf06', NULL, 'candidate', 'staff_18', 'aaaa3c09-056a-11ef-ae6d-e02e0bf8bf06', NULL);
INSERT INTO `act_hi_identitylink` VALUES ('aaaad853-056a-11ef-ae6d-e02e0bf8bf06', NULL, 'participant', 'staff_18', NULL, 'aa9665db-056a-11ef-ae6d-e02e0bf8bf06');
INSERT INTO `act_hi_identitylink` VALUES ('aaaad854-056a-11ef-ae6d-e02e0bf8bf06', NULL, 'candidate', 'staff_32', 'aaaa3c09-056a-11ef-ae6d-e02e0bf8bf06', NULL);
INSERT INTO `act_hi_identitylink` VALUES ('aaaad855-056a-11ef-ae6d-e02e0bf8bf06', NULL, 'participant', 'staff_32', NULL, 'aa9665db-056a-11ef-ae6d-e02e0bf8bf06');
INSERT INTO `act_hi_identitylink` VALUES ('aaaad856-056a-11ef-ae6d-e02e0bf8bf06', NULL, 'candidate', 'staff_31', 'aaaa3c09-056a-11ef-ae6d-e02e0bf8bf06', NULL);
INSERT INTO `act_hi_identitylink` VALUES ('aaaad857-056a-11ef-ae6d-e02e0bf8bf06', NULL, 'participant', 'staff_31', NULL, 'aa9665db-056a-11ef-ae6d-e02e0bf8bf06');
INSERT INTO `act_hi_identitylink` VALUES ('aaaad858-056a-11ef-ae6d-e02e0bf8bf06', NULL, 'candidate', 'staff_3', 'aaaa3c09-056a-11ef-ae6d-e02e0bf8bf06', NULL);
INSERT INTO `act_hi_identitylink` VALUES ('aaaad859-056a-11ef-ae6d-e02e0bf8bf06', NULL, 'participant', 'staff_3', NULL, 'aa9665db-056a-11ef-ae6d-e02e0bf8bf06');
INSERT INTO `act_hi_identitylink` VALUES ('aaaad85a-056a-11ef-ae6d-e02e0bf8bf06', NULL, 'candidate', 'admin', 'aaaa3c09-056a-11ef-ae6d-e02e0bf8bf06', NULL);
INSERT INTO `act_hi_identitylink` VALUES ('aaaad85b-056a-11ef-ae6d-e02e0bf8bf06', NULL, 'participant', 'admin', NULL, 'aa9665db-056a-11ef-ae6d-e02e0bf8bf06');
INSERT INTO `act_hi_identitylink` VALUES ('b83fa8d7-0565-11ef-b6ef-e02e0bf8bf06', NULL, 'participant', 'admin', NULL, 'b83f81be-0565-11ef-b6ef-e02e0bf8bf06');
INSERT INTO `act_hi_identitylink` VALUES ('b8480d51-0565-11ef-b6ef-e02e0bf8bf06', NULL, 'candidate', 'staff_9', 'b847e63c-0565-11ef-b6ef-e02e0bf8bf06', NULL);
INSERT INTO `act_hi_identitylink` VALUES ('b8483462-0565-11ef-b6ef-e02e0bf8bf06', NULL, 'participant', 'staff_9', NULL, 'b83f81be-0565-11ef-b6ef-e02e0bf8bf06');
INSERT INTO `act_hi_identitylink` VALUES ('b8483463-0565-11ef-b6ef-e02e0bf8bf06', NULL, 'candidate', 'staff_14', 'b847e63c-0565-11ef-b6ef-e02e0bf8bf06', NULL);
INSERT INTO `act_hi_identitylink` VALUES ('b8483464-0565-11ef-b6ef-e02e0bf8bf06', NULL, 'participant', 'staff_14', NULL, 'b83f81be-0565-11ef-b6ef-e02e0bf8bf06');
INSERT INTO `act_hi_identitylink` VALUES ('b8483465-0565-11ef-b6ef-e02e0bf8bf06', NULL, 'candidate', 'staff_18', 'b847e63c-0565-11ef-b6ef-e02e0bf8bf06', NULL);
INSERT INTO `act_hi_identitylink` VALUES ('b8483466-0565-11ef-b6ef-e02e0bf8bf06', NULL, 'participant', 'staff_18', NULL, 'b83f81be-0565-11ef-b6ef-e02e0bf8bf06');
INSERT INTO `act_hi_identitylink` VALUES ('b8483467-0565-11ef-b6ef-e02e0bf8bf06', NULL, 'candidate', 'staff_32', 'b847e63c-0565-11ef-b6ef-e02e0bf8bf06', NULL);
INSERT INTO `act_hi_identitylink` VALUES ('b8483468-0565-11ef-b6ef-e02e0bf8bf06', NULL, 'participant', 'staff_32', NULL, 'b83f81be-0565-11ef-b6ef-e02e0bf8bf06');
INSERT INTO `act_hi_identitylink` VALUES ('b8483469-0565-11ef-b6ef-e02e0bf8bf06', NULL, 'candidate', 'staff_31', 'b847e63c-0565-11ef-b6ef-e02e0bf8bf06', NULL);
INSERT INTO `act_hi_identitylink` VALUES ('b848346a-0565-11ef-b6ef-e02e0bf8bf06', NULL, 'participant', 'staff_31', NULL, 'b83f81be-0565-11ef-b6ef-e02e0bf8bf06');
INSERT INTO `act_hi_identitylink` VALUES ('b848346b-0565-11ef-b6ef-e02e0bf8bf06', NULL, 'candidate', 'admin', 'b847e63c-0565-11ef-b6ef-e02e0bf8bf06', NULL);
INSERT INTO `act_hi_identitylink` VALUES ('b848346c-0565-11ef-b6ef-e02e0bf8bf06', NULL, 'candidate', 'staff_3', 'b847e63c-0565-11ef-b6ef-e02e0bf8bf06', NULL);
INSERT INTO `act_hi_identitylink` VALUES ('b848346d-0565-11ef-b6ef-e02e0bf8bf06', NULL, 'participant', 'staff_3', NULL, 'b83f81be-0565-11ef-b6ef-e02e0bf8bf06');
INSERT INTO `act_hi_identitylink` VALUES ('ba885852-0568-11ef-b6df-e02e0bf8bf06', NULL, 'participant', 'staff_3', NULL, 'ba87e319-0568-11ef-b6df-e02e0bf8bf06');
INSERT INTO `act_hi_identitylink` VALUES ('ba90e3dc-0568-11ef-b6df-e02e0bf8bf06', NULL, 'candidate', 'staff_9', 'ba90bcc7-0568-11ef-b6df-e02e0bf8bf06', NULL);
INSERT INTO `act_hi_identitylink` VALUES ('ba910aed-0568-11ef-b6df-e02e0bf8bf06', NULL, 'participant', 'staff_9', NULL, 'ba87e319-0568-11ef-b6df-e02e0bf8bf06');
INSERT INTO `act_hi_identitylink` VALUES ('ba910aee-0568-11ef-b6df-e02e0bf8bf06', NULL, 'candidate', 'staff_14', 'ba90bcc7-0568-11ef-b6df-e02e0bf8bf06', NULL);
INSERT INTO `act_hi_identitylink` VALUES ('ba910aef-0568-11ef-b6df-e02e0bf8bf06', NULL, 'participant', 'staff_14', NULL, 'ba87e319-0568-11ef-b6df-e02e0bf8bf06');
INSERT INTO `act_hi_identitylink` VALUES ('ba910af0-0568-11ef-b6df-e02e0bf8bf06', NULL, 'candidate', 'staff_18', 'ba90bcc7-0568-11ef-b6df-e02e0bf8bf06', NULL);
INSERT INTO `act_hi_identitylink` VALUES ('ba910af1-0568-11ef-b6df-e02e0bf8bf06', NULL, 'participant', 'staff_18', NULL, 'ba87e319-0568-11ef-b6df-e02e0bf8bf06');
INSERT INTO `act_hi_identitylink` VALUES ('ba910af2-0568-11ef-b6df-e02e0bf8bf06', NULL, 'candidate', 'staff_32', 'ba90bcc7-0568-11ef-b6df-e02e0bf8bf06', NULL);
INSERT INTO `act_hi_identitylink` VALUES ('ba910af3-0568-11ef-b6df-e02e0bf8bf06', NULL, 'participant', 'staff_32', NULL, 'ba87e319-0568-11ef-b6df-e02e0bf8bf06');
INSERT INTO `act_hi_identitylink` VALUES ('ba910af4-0568-11ef-b6df-e02e0bf8bf06', NULL, 'candidate', 'staff_31', 'ba90bcc7-0568-11ef-b6df-e02e0bf8bf06', NULL);
INSERT INTO `act_hi_identitylink` VALUES ('ba910af5-0568-11ef-b6df-e02e0bf8bf06', NULL, 'participant', 'staff_31', NULL, 'ba87e319-0568-11ef-b6df-e02e0bf8bf06');
INSERT INTO `act_hi_identitylink` VALUES ('ba913206-0568-11ef-b6df-e02e0bf8bf06', NULL, 'candidate', 'staff_3', 'ba90bcc7-0568-11ef-b6df-e02e0bf8bf06', NULL);
INSERT INTO `act_hi_identitylink` VALUES ('ba913207-0568-11ef-b6df-e02e0bf8bf06', NULL, 'candidate', 'admin', 'ba90bcc7-0568-11ef-b6df-e02e0bf8bf06', NULL);
INSERT INTO `act_hi_identitylink` VALUES ('ba913208-0568-11ef-b6df-e02e0bf8bf06', NULL, 'participant', 'admin', NULL, 'ba87e319-0568-11ef-b6df-e02e0bf8bf06');

-- ----------------------------
-- Table structure for act_hi_procinst
-- ----------------------------
DROP TABLE IF EXISTS `act_hi_procinst`;
CREATE TABLE `act_hi_procinst`  (
  `ID_` varchar(64) CHARACTER SET utf8mb3 COLLATE utf8mb3_bin NOT NULL,
  `PROC_INST_ID_` varchar(64) CHARACTER SET utf8mb3 COLLATE utf8mb3_bin NOT NULL,
  `BUSINESS_KEY_` varchar(255) CHARACTER SET utf8mb3 COLLATE utf8mb3_bin NULL DEFAULT NULL,
  `PROC_DEF_ID_` varchar(64) CHARACTER SET utf8mb3 COLLATE utf8mb3_bin NOT NULL,
  `START_TIME_` datetime(3) NOT NULL,
  `END_TIME_` datetime(3) NULL DEFAULT NULL,
  `DURATION_` bigint NULL DEFAULT NULL,
  `START_USER_ID_` varchar(255) CHARACTER SET utf8mb3 COLLATE utf8mb3_bin NULL DEFAULT NULL,
  `START_ACT_ID_` varchar(255) CHARACTER SET utf8mb3 COLLATE utf8mb3_bin NULL DEFAULT NULL,
  `END_ACT_ID_` varchar(255) CHARACTER SET utf8mb3 COLLATE utf8mb3_bin NULL DEFAULT NULL,
  `SUPER_PROCESS_INSTANCE_ID_` varchar(64) CHARACTER SET utf8mb3 COLLATE utf8mb3_bin NULL DEFAULT NULL,
  `DELETE_REASON_` varchar(4000) CHARACTER SET utf8mb3 COLLATE utf8mb3_bin NULL DEFAULT NULL,
  `TENANT_ID_` varchar(255) CHARACTER SET utf8mb3 COLLATE utf8mb3_bin NULL DEFAULT '',
  `NAME_` varchar(255) CHARACTER SET utf8mb3 COLLATE utf8mb3_bin NULL DEFAULT NULL,
  PRIMARY KEY (`ID_`) USING BTREE,
  UNIQUE INDEX `PROC_INST_ID_`(`PROC_INST_ID_`) USING BTREE,
  INDEX `ACT_IDX_HI_PRO_INST_END`(`END_TIME_`) USING BTREE,
  INDEX `ACT_IDX_HI_PRO_I_BUSKEY`(`BUSINESS_KEY_`) USING BTREE
) ENGINE = InnoDB CHARACTER SET = utf8mb3 COLLATE = utf8mb3_bin ROW_FORMAT = Dynamic;

-- ----------------------------
-- Records of act_hi_procinst
-- ----------------------------
INSERT INTO `act_hi_procinst` VALUES ('09173ec7-0552-11ef-a9e3-e02e0bf8bf06', '09173ec7-0552-11ef-a9e3-e02e0bf8bf06', '67', 'leave:1:99ef2135-0551-11ef-9f76-e02e0bf8bf06', '2024-04-28 19:25:36.975', '2024-04-28 19:26:12.154', 35179, NULL, 'sid-a0962612-3504-47dc-9a45-24b6dfb9cc2b', 'sid-152bed44-c3a7-4c1c-a0fc-9b6c72b4a346', NULL, NULL, '', NULL);
INSERT INTO `act_hi_procinst` VALUES ('4faf5123-0565-11ef-b6ef-e02e0bf8bf06', '4faf5123-0565-11ef-b6ef-e02e0bf8bf06', '69', 'leave:1:99ef2135-0551-11ef-9f76-e02e0bf8bf06', '2024-04-28 21:43:35.850', '2024-04-28 21:43:49.754', 13904, NULL, 'sid-a0962612-3504-47dc-9a45-24b6dfb9cc2b', NULL, NULL, '撤销', '', NULL);
INSERT INTO `act_hi_procinst` VALUES ('6da6ac73-0565-11ef-b6ef-e02e0bf8bf06', '6da6ac73-0565-11ef-b6ef-e02e0bf8bf06', '70', 'leave:1:99ef2135-0551-11ef-9f76-e02e0bf8bf06', '2024-04-28 21:44:26.125', '2024-04-28 21:44:45.038', 18913, NULL, 'sid-a0962612-3504-47dc-9a45-24b6dfb9cc2b', 'sid-152bed44-c3a7-4c1c-a0fc-9b6c72b4a346', NULL, NULL, '', NULL);
INSERT INTO `act_hi_procinst` VALUES ('94cffae2-0552-11ef-a9e3-e02e0bf8bf06', '94cffae2-0552-11ef-a9e3-e02e0bf8bf06', '68', 'leave:1:99ef2135-0551-11ef-9f76-e02e0bf8bf06', '2024-04-28 19:29:31.389', '2024-04-28 21:43:18.749', 8027360, NULL, 'sid-a0962612-3504-47dc-9a45-24b6dfb9cc2b', NULL, NULL, '撤销', '', NULL);
INSERT INTO `act_hi_procinst` VALUES ('a9242288-0568-11ef-b6df-e02e0bf8bf06', 'a9242288-0568-11ef-b6df-e02e0bf8bf06', '72', 'leave:1:99ef2135-0551-11ef-9f76-e02e0bf8bf06', '2024-04-28 22:07:34.423', NULL, NULL, NULL, 'sid-a0962612-3504-47dc-9a45-24b6dfb9cc2b', NULL, NULL, NULL, '', NULL);
INSERT INTO `act_hi_procinst` VALUES ('aa9665db-056a-11ef-ae6d-e02e0bf8bf06', 'aa9665db-056a-11ef-ae6d-e02e0bf8bf06', '74', 'leave:1:99ef2135-0551-11ef-9f76-e02e0bf8bf06', '2024-04-28 22:21:55.843', NULL, NULL, NULL, 'sid-a0962612-3504-47dc-9a45-24b6dfb9cc2b', NULL, NULL, NULL, '', NULL);
INSERT INTO `act_hi_procinst` VALUES ('b83f81be-0565-11ef-b6ef-e02e0bf8bf06', 'b83f81be-0565-11ef-b6ef-e02e0bf8bf06', '71', 'leave:1:99ef2135-0551-11ef-9f76-e02e0bf8bf06', '2024-04-28 21:46:31.278', NULL, NULL, NULL, 'sid-a0962612-3504-47dc-9a45-24b6dfb9cc2b', NULL, NULL, NULL, '', NULL);
INSERT INTO `act_hi_procinst` VALUES ('ba87e319-0568-11ef-b6df-e02e0bf8bf06', 'ba87e319-0568-11ef-b6df-e02e0bf8bf06', '73', 'leave:1:99ef2135-0551-11ef-9f76-e02e0bf8bf06', '2024-04-28 22:08:03.598', '2024-04-28 22:12:29.072', 265474, NULL, 'sid-a0962612-3504-47dc-9a45-24b6dfb9cc2b', 'sid-152bed44-c3a7-4c1c-a0fc-9b6c72b4a346', NULL, NULL, '', NULL);

-- ----------------------------
-- Table structure for act_hi_taskinst
-- ----------------------------
DROP TABLE IF EXISTS `act_hi_taskinst`;
CREATE TABLE `act_hi_taskinst`  (
  `ID_` varchar(64) CHARACTER SET utf8mb3 COLLATE utf8mb3_bin NOT NULL,
  `PROC_DEF_ID_` varchar(64) CHARACTER SET utf8mb3 COLLATE utf8mb3_bin NULL DEFAULT NULL,
  `TASK_DEF_KEY_` varchar(255) CHARACTER SET utf8mb3 COLLATE utf8mb3_bin NULL DEFAULT NULL,
  `PROC_INST_ID_` varchar(64) CHARACTER SET utf8mb3 COLLATE utf8mb3_bin NULL DEFAULT NULL,
  `EXECUTION_ID_` varchar(64) CHARACTER SET utf8mb3 COLLATE utf8mb3_bin NULL DEFAULT NULL,
  `NAME_` varchar(255) CHARACTER SET utf8mb3 COLLATE utf8mb3_bin NULL DEFAULT NULL,
  `PARENT_TASK_ID_` varchar(64) CHARACTER SET utf8mb3 COLLATE utf8mb3_bin NULL DEFAULT NULL,
  `DESCRIPTION_` varchar(4000) CHARACTER SET utf8mb3 COLLATE utf8mb3_bin NULL DEFAULT NULL,
  `OWNER_` varchar(255) CHARACTER SET utf8mb3 COLLATE utf8mb3_bin NULL DEFAULT NULL,
  `ASSIGNEE_` varchar(255) CHARACTER SET utf8mb3 COLLATE utf8mb3_bin NULL DEFAULT NULL,
  `START_TIME_` datetime(3) NOT NULL,
  `CLAIM_TIME_` datetime(3) NULL DEFAULT NULL,
  `END_TIME_` datetime(3) NULL DEFAULT NULL,
  `DURATION_` bigint NULL DEFAULT NULL,
  `DELETE_REASON_` varchar(4000) CHARACTER SET utf8mb3 COLLATE utf8mb3_bin NULL DEFAULT NULL,
  `PRIORITY_` int NULL DEFAULT NULL,
  `DUE_DATE_` datetime(3) NULL DEFAULT NULL,
  `FORM_KEY_` varchar(255) CHARACTER SET utf8mb3 COLLATE utf8mb3_bin NULL DEFAULT NULL,
  `CATEGORY_` varchar(255) CHARACTER SET utf8mb3 COLLATE utf8mb3_bin NULL DEFAULT NULL,
  `TENANT_ID_` varchar(255) CHARACTER SET utf8mb3 COLLATE utf8mb3_bin NULL DEFAULT '',
  PRIMARY KEY (`ID_`) USING BTREE,
  INDEX `ACT_IDX_HI_TASK_INST_PROCINST`(`PROC_INST_ID_`) USING BTREE
) ENGINE = InnoDB CHARACTER SET = utf8mb3 COLLATE = utf8mb3_bin ROW_FORMAT = Dynamic;

-- ----------------------------
-- Records of act_hi_taskinst
-- ----------------------------
INSERT INTO `act_hi_taskinst` VALUES ('00146026-055c-11ef-b6ef-e02e0bf8bf06', 'leave:1:99ef2135-0551-11ef-9f76-e02e0bf8bf06', 'hr_audit', '94cffae2-0552-11ef-a9e3-e02e0bf8bf06', '94cffae5-0552-11ef-a9e3-e02e0bf8bf06', '人事审批', NULL, NULL, NULL, 'admin', '2024-04-28 20:36:56.824', '2024-04-28 20:45:17.860', '2024-04-28 20:45:22.275', 505451, NULL, 50, NULL, NULL, NULL, '');
INSERT INTO `act_hi_taskinst` VALUES ('091e1c9d-0552-11ef-a9e3-e02e0bf8bf06', 'leave:1:99ef2135-0551-11ef-9f76-e02e0bf8bf06', 'leave_apply', '09173ec7-0552-11ef-a9e3-e02e0bf8bf06', '0918774a-0552-11ef-a9e3-e02e0bf8bf06', '请假申请', NULL, NULL, NULL, 'admin', '2024-04-28 19:25:37.020', NULL, '2024-04-28 19:25:37.093', 73, NULL, 50, NULL, NULL, NULL, '');
INSERT INTO `act_hi_taskinst` VALUES ('0929b565-0552-11ef-a9e3-e02e0bf8bf06', 'leave:1:99ef2135-0551-11ef-9f76-e02e0bf8bf06', 'hr_audit', '09173ec7-0552-11ef-a9e3-e02e0bf8bf06', '0918774a-0552-11ef-a9e3-e02e0bf8bf06', '人事审批', NULL, NULL, NULL, 'admin', '2024-04-28 19:25:37.096', '2024-04-28 19:25:46.800', '2024-04-28 19:25:59.473', 22377, NULL, 50, NULL, NULL, NULL, '');
INSERT INTO `act_hi_taskinst` VALUES ('16877e0c-0552-11ef-a9e3-e02e0bf8bf06', 'leave:1:99ef2135-0551-11ef-9f76-e02e0bf8bf06', 'manager_audit', '09173ec7-0552-11ef-a9e3-e02e0bf8bf06', '0918774a-0552-11ef-a9e3-e02e0bf8bf06', '经理审批', NULL, NULL, NULL, 'admin', '2024-04-28 19:25:59.521', '2024-04-28 19:26:07.222', '2024-04-28 19:26:12.128', 12607, NULL, 50, NULL, NULL, NULL, '');
INSERT INTO `act_hi_taskinst` VALUES ('1939aa6a-0565-11ef-b6ef-e02e0bf8bf06', 'leave:1:99ef2135-0551-11ef-9f76-e02e0bf8bf06', 'hr_audit', '94cffae2-0552-11ef-a9e3-e02e0bf8bf06', '94cffae5-0552-11ef-a9e3-e02e0bf8bf06', '人事审批', NULL, NULL, NULL, 'admin', '2024-04-28 21:42:04.482', '2024-04-28 21:42:35.820', '2024-04-28 21:42:44.240', 39758, NULL, 50, NULL, NULL, NULL, '');
INSERT INTO `act_hi_taskinst` VALUES ('2d5d6f4e-055d-11ef-b6ef-e02e0bf8bf06', 'leave:1:99ef2135-0551-11ef-9f76-e02e0bf8bf06', 'leave_apply', '94cffae2-0552-11ef-a9e3-e02e0bf8bf06', '94cffae5-0552-11ef-a9e3-e02e0bf8bf06', '请假申请', NULL, NULL, NULL, 'admin', '2024-04-28 20:45:22.297', NULL, '2024-04-28 20:45:37.834', 15537, NULL, 50, NULL, NULL, NULL, '');
INSERT INTO `act_hi_taskinst` VALUES ('30f3bb73-0565-11ef-b6ef-e02e0bf8bf06', 'leave:1:99ef2135-0551-11ef-9f76-e02e0bf8bf06', 'manager_audit', '94cffae2-0552-11ef-a9e3-e02e0bf8bf06', '94cffae5-0552-11ef-a9e3-e02e0bf8bf06', '经理审批', NULL, NULL, NULL, 'admin', '2024-04-28 21:42:44.289', '2024-04-28 21:42:46.987', '2024-04-28 21:42:59.762', 15473, NULL, 50, NULL, NULL, NULL, '');
INSERT INTO `act_hi_taskinst` VALUES ('36a142df-055d-11ef-b6ef-e02e0bf8bf06', 'leave:1:99ef2135-0551-11ef-9f76-e02e0bf8bf06', 'hr_audit', '94cffae2-0552-11ef-a9e3-e02e0bf8bf06', '94cffae5-0552-11ef-a9e3-e02e0bf8bf06', '人事审批', NULL, NULL, NULL, 'admin', '2024-04-28 20:45:37.841', '2024-04-28 20:46:30.496', '2024-04-28 20:46:32.560', 54719, NULL, 50, NULL, NULL, NULL, '');
INSERT INTO `act_hi_taskinst` VALUES ('3a2d55d8-0565-11ef-b6ef-e02e0bf8bf06', 'leave:1:99ef2135-0551-11ef-9f76-e02e0bf8bf06', 'leave_apply', '94cffae2-0552-11ef-a9e3-e02e0bf8bf06', '94cffae5-0552-11ef-a9e3-e02e0bf8bf06', '请假申请', NULL, NULL, NULL, 'admin', '2024-04-28 21:42:59.766', NULL, '2024-04-28 21:43:18.690', 18924, '撤销', 50, NULL, NULL, NULL, '');
INSERT INTO `act_hi_taskinst` VALUES ('4fb01479-0565-11ef-b6ef-e02e0bf8bf06', 'leave:1:99ef2135-0551-11ef-9f76-e02e0bf8bf06', 'leave_apply', '4faf5123-0565-11ef-b6ef-e02e0bf8bf06', '4faf9f46-0565-11ef-b6ef-e02e0bf8bf06', '请假申请', NULL, NULL, NULL, 'admin', '2024-04-28 21:43:35.855', NULL, '2024-04-28 21:43:35.926', 71, NULL, 50, NULL, NULL, NULL, '');
INSERT INTO `act_hi_taskinst` VALUES ('4fbb3811-0565-11ef-b6ef-e02e0bf8bf06', 'leave:1:99ef2135-0551-11ef-9f76-e02e0bf8bf06', 'hr_audit', '4faf5123-0565-11ef-b6ef-e02e0bf8bf06', '4faf9f46-0565-11ef-b6ef-e02e0bf8bf06', '人事审批', NULL, NULL, NULL, NULL, '2024-04-28 21:43:35.928', NULL, '2024-04-28 21:43:49.738', 13810, '撤销', 50, NULL, NULL, NULL, '');
INSERT INTO `act_hi_taskinst` VALUES ('531478b6-0569-11ef-b7f5-e02e0bf8bf06', 'leave:1:99ef2135-0551-11ef-9f76-e02e0bf8bf06', 'manager_audit', 'ba87e319-0568-11ef-b6df-e02e0bf8bf06', 'ba880a2c-0568-11ef-b6df-e02e0bf8bf06', '经理审批', NULL, NULL, NULL, 'admin', '2024-04-28 22:12:19.534', '2024-04-28 22:12:26.527', '2024-04-28 22:12:29.003', 9469, NULL, 50, NULL, NULL, NULL, '');
INSERT INTO `act_hi_taskinst` VALUES ('573f0607-055d-11ef-b6ef-e02e0bf8bf06', 'leave:1:99ef2135-0551-11ef-9f76-e02e0bf8bf06', 'leave_apply', '94cffae2-0552-11ef-a9e3-e02e0bf8bf06', '94cffae5-0552-11ef-a9e3-e02e0bf8bf06', '请假申请', NULL, NULL, NULL, 'admin', '2024-04-28 20:46:32.562', NULL, '2024-04-28 21:03:10.795', 998233, NULL, 50, NULL, NULL, NULL, '');
INSERT INTO `act_hi_taskinst` VALUES ('6da6d389-0565-11ef-b6ef-e02e0bf8bf06', 'leave:1:99ef2135-0551-11ef-9f76-e02e0bf8bf06', 'leave_apply', '6da6ac73-0565-11ef-b6ef-e02e0bf8bf06', '6da6d386-0565-11ef-b6ef-e02e0bf8bf06', '请假申请', NULL, NULL, NULL, 'admin', '2024-04-28 21:44:26.126', NULL, '2024-04-28 21:44:26.184', 58, NULL, 50, NULL, NULL, NULL, '');
INSERT INTO `act_hi_taskinst` VALUES ('6daffb51-0565-11ef-b6ef-e02e0bf8bf06', 'leave:1:99ef2135-0551-11ef-9f76-e02e0bf8bf06', 'hr_audit', '6da6ac73-0565-11ef-b6ef-e02e0bf8bf06', '6da6d386-0565-11ef-b6ef-e02e0bf8bf06', '人事审批', NULL, NULL, NULL, 'admin', '2024-04-28 21:44:26.186', '2024-04-28 21:44:33.678', '2024-04-28 21:44:38.915', 12729, NULL, 50, NULL, NULL, NULL, '');
INSERT INTO `act_hi_taskinst` VALUES ('7547a588-0565-11ef-b6ef-e02e0bf8bf06', 'leave:1:99ef2135-0551-11ef-9f76-e02e0bf8bf06', 'manager_audit', '6da6ac73-0565-11ef-b6ef-e02e0bf8bf06', '6da6d386-0565-11ef-b6ef-e02e0bf8bf06', '经理审批', NULL, NULL, NULL, 'admin', '2024-04-28 21:44:38.924', '2024-04-28 21:44:41.096', '2024-04-28 21:44:45.004', 6080, NULL, 50, NULL, NULL, NULL, '');
INSERT INTO `act_hi_taskinst` VALUES ('94d021f8-0552-11ef-a9e3-e02e0bf8bf06', 'leave:1:99ef2135-0551-11ef-9f76-e02e0bf8bf06', 'leave_apply', '94cffae2-0552-11ef-a9e3-e02e0bf8bf06', '94cffae5-0552-11ef-a9e3-e02e0bf8bf06', '请假申请', NULL, NULL, NULL, 'admin', '2024-04-28 19:29:31.390', NULL, '2024-04-28 19:29:31.461', 71, NULL, 50, NULL, NULL, NULL, '');
INSERT INTO `act_hi_taskinst` VALUES ('94db4590-0552-11ef-a9e3-e02e0bf8bf06', 'leave:1:99ef2135-0551-11ef-9f76-e02e0bf8bf06', 'hr_audit', '94cffae2-0552-11ef-a9e3-e02e0bf8bf06', '94cffae5-0552-11ef-a9e3-e02e0bf8bf06', '人事审批', NULL, NULL, NULL, 'admin', '2024-04-28 19:29:31.463', '2024-04-28 19:29:36.233', '2024-04-28 19:29:40.307', 8844, NULL, 50, NULL, NULL, NULL, '');
INSERT INTO `act_hi_taskinst` VALUES ('9a233367-0552-11ef-a9e3-e02e0bf8bf06', 'leave:1:99ef2135-0551-11ef-9f76-e02e0bf8bf06', 'manager_audit', '94cffae2-0552-11ef-a9e3-e02e0bf8bf06', '94cffae5-0552-11ef-a9e3-e02e0bf8bf06', '经理审批', NULL, NULL, NULL, 'admin', '2024-04-28 19:29:40.323', '2024-04-28 19:29:44.557', '2024-04-28 19:29:48.559', 8236, NULL, 50, NULL, NULL, NULL, '');
INSERT INTO `act_hi_taskinst` VALUES ('9f0c867d-0552-11ef-a9e3-e02e0bf8bf06', 'leave:1:99ef2135-0551-11ef-9f76-e02e0bf8bf06', 'leave_apply', '94cffae2-0552-11ef-a9e3-e02e0bf8bf06', '94cffae5-0552-11ef-a9e3-e02e0bf8bf06', '请假申请', NULL, NULL, NULL, 'admin', '2024-04-28 19:29:48.563', NULL, '2024-04-28 20:36:56.763', 4028200, NULL, 50, NULL, NULL, NULL, '');
INSERT INTO `act_hi_taskinst` VALUES ('a14b7160-0560-11ef-b6ef-e02e0bf8bf06', 'leave:1:99ef2135-0551-11ef-9f76-e02e0bf8bf06', 'leave_apply', '94cffae2-0552-11ef-a9e3-e02e0bf8bf06', '94cffae5-0552-11ef-a9e3-e02e0bf8bf06', '请假申请', NULL, NULL, NULL, 'admin', '2024-04-28 21:10:05.285', NULL, '2024-04-28 21:10:18.047', 12762, NULL, 50, NULL, NULL, NULL, '');
INSERT INTO `act_hi_taskinst` VALUES ('a8e76151-0560-11ef-b6ef-e02e0bf8bf06', 'leave:1:99ef2135-0551-11ef-9f76-e02e0bf8bf06', 'hr_audit', '94cffae2-0552-11ef-a9e3-e02e0bf8bf06', '94cffae5-0552-11ef-a9e3-e02e0bf8bf06', '人事审批', NULL, NULL, NULL, 'admin', '2024-04-28 21:10:18.051', '2024-04-28 21:39:51.686', '2024-04-28 21:40:20.084', 1802033, NULL, 50, NULL, NULL, NULL, '');
INSERT INTO `act_hi_taskinst` VALUES ('a92dbf7e-0568-11ef-b6df-e02e0bf8bf06', 'leave:1:99ef2135-0551-11ef-9f76-e02e0bf8bf06', 'leave_apply', 'a9242288-0568-11ef-b6df-e02e0bf8bf06', 'a926456b-0568-11ef-b6df-e02e0bf8bf06', '请假申请', NULL, NULL, NULL, 'staff_2', '2024-04-28 22:07:34.486', NULL, '2024-04-28 22:07:34.590', 104, NULL, 50, NULL, NULL, NULL, '');
INSERT INTO `act_hi_taskinst` VALUES ('a93e1336-0568-11ef-b6df-e02e0bf8bf06', 'leave:1:99ef2135-0551-11ef-9f76-e02e0bf8bf06', 'hr_audit', 'a9242288-0568-11ef-b6df-e02e0bf8bf06', 'a926456b-0568-11ef-b6df-e02e0bf8bf06', '人事审批', NULL, NULL, NULL, 'staff_3', '2024-04-28 22:07:34.593', '2024-04-28 22:08:32.879', NULL, NULL, NULL, 50, NULL, NULL, NULL, '');
INSERT INTO `act_hi_taskinst` VALUES ('aa3f1f68-055f-11ef-b6ef-e02e0bf8bf06', 'leave:1:99ef2135-0551-11ef-9f76-e02e0bf8bf06', 'hr_audit', '94cffae2-0552-11ef-a9e3-e02e0bf8bf06', '94cffae5-0552-11ef-a9e3-e02e0bf8bf06', '人事审批', NULL, NULL, NULL, 'admin', '2024-04-28 21:03:10.807', '2024-04-28 21:10:01.920', '2024-04-28 21:10:05.281', 414474, NULL, 50, NULL, NULL, NULL, '');
INSERT INTO `act_hi_taskinst` VALUES ('aa9c8061-056a-11ef-ae6d-e02e0bf8bf06', 'leave:1:99ef2135-0551-11ef-9f76-e02e0bf8bf06', 'leave_apply', 'aa9665db-056a-11ef-ae6d-e02e0bf8bf06', 'aa97ec7e-056a-11ef-ae6d-e02e0bf8bf06', '请假申请', NULL, NULL, NULL, 'staff_5', '2024-04-28 22:21:55.883', NULL, '2024-04-28 22:21:55.970', 87, NULL, 50, NULL, NULL, NULL, '');
INSERT INTO `act_hi_taskinst` VALUES ('aaaa3c09-056a-11ef-ae6d-e02e0bf8bf06', 'leave:1:99ef2135-0551-11ef-9f76-e02e0bf8bf06', 'hr_audit', 'aa9665db-056a-11ef-ae6d-e02e0bf8bf06', 'aa97ec7e-056a-11ef-ae6d-e02e0bf8bf06', '人事审批', NULL, NULL, NULL, NULL, '2024-04-28 22:21:55.973', NULL, NULL, NULL, NULL, 50, NULL, NULL, NULL, '');
INSERT INTO `act_hi_taskinst` VALUES ('b83f81c4-0565-11ef-b6ef-e02e0bf8bf06', 'leave:1:99ef2135-0551-11ef-9f76-e02e0bf8bf06', 'leave_apply', 'b83f81be-0565-11ef-b6ef-e02e0bf8bf06', 'b83f81c1-0565-11ef-b6ef-e02e0bf8bf06', '请假申请', NULL, NULL, NULL, 'admin', '2024-04-28 21:46:31.278', NULL, '2024-04-28 21:46:31.330', 52, NULL, 50, NULL, NULL, NULL, '');
INSERT INTO `act_hi_taskinst` VALUES ('b847e63c-0565-11ef-b6ef-e02e0bf8bf06', 'leave:1:99ef2135-0551-11ef-9f76-e02e0bf8bf06', 'hr_audit', 'b83f81be-0565-11ef-b6ef-e02e0bf8bf06', 'b83f81c1-0565-11ef-b6ef-e02e0bf8bf06', '人事审批', NULL, NULL, NULL, 'admin', '2024-04-28 21:46:31.333', '2024-04-28 22:21:19.221', NULL, NULL, NULL, 50, NULL, NULL, NULL, '');
INSERT INTO `act_hi_taskinst` VALUES ('ba880a2f-0568-11ef-b6df-e02e0bf8bf06', 'leave:1:99ef2135-0551-11ef-9f76-e02e0bf8bf06', 'leave_apply', 'ba87e319-0568-11ef-b6df-e02e0bf8bf06', 'ba880a2c-0568-11ef-b6df-e02e0bf8bf06', '请假申请', NULL, NULL, NULL, 'staff_3', '2024-04-28 22:08:03.599', NULL, '2024-04-28 22:08:03.654', 55, NULL, 50, NULL, NULL, NULL, '');
INSERT INTO `act_hi_taskinst` VALUES ('ba90bcc7-0568-11ef-b6df-e02e0bf8bf06', 'leave:1:99ef2135-0551-11ef-9f76-e02e0bf8bf06', 'hr_audit', 'ba87e319-0568-11ef-b6df-e02e0bf8bf06', 'ba880a2c-0568-11ef-b6df-e02e0bf8bf06', '人事审批', NULL, NULL, NULL, 'admin', '2024-04-28 22:08:03.656', '2024-04-28 22:12:16.842', '2024-04-28 22:12:19.492', 255836, NULL, 50, NULL, NULL, NULL, '');
INSERT INTO `act_hi_taskinst` VALUES ('db012b09-0564-11ef-b6ef-e02e0bf8bf06', 'leave:1:99ef2135-0551-11ef-9f76-e02e0bf8bf06', 'leave_apply', '94cffae2-0552-11ef-a9e3-e02e0bf8bf06', '94cffae5-0552-11ef-a9e3-e02e0bf8bf06', '请假申请', NULL, NULL, NULL, 'admin', '2024-04-28 21:40:20.093', NULL, '2024-04-28 21:42:04.478', 104385, NULL, 50, NULL, NULL, NULL, '');

-- ----------------------------
-- Table structure for act_hi_varinst
-- ----------------------------
DROP TABLE IF EXISTS `act_hi_varinst`;
CREATE TABLE `act_hi_varinst`  (
  `ID_` varchar(64) CHARACTER SET utf8mb3 COLLATE utf8mb3_bin NOT NULL,
  `PROC_INST_ID_` varchar(64) CHARACTER SET utf8mb3 COLLATE utf8mb3_bin NULL DEFAULT NULL,
  `EXECUTION_ID_` varchar(64) CHARACTER SET utf8mb3 COLLATE utf8mb3_bin NULL DEFAULT NULL,
  `TASK_ID_` varchar(64) CHARACTER SET utf8mb3 COLLATE utf8mb3_bin NULL DEFAULT NULL,
  `NAME_` varchar(255) CHARACTER SET utf8mb3 COLLATE utf8mb3_bin NOT NULL,
  `VAR_TYPE_` varchar(100) CHARACTER SET utf8mb3 COLLATE utf8mb3_bin NULL DEFAULT NULL,
  `REV_` int NULL DEFAULT NULL,
  `BYTEARRAY_ID_` varchar(64) CHARACTER SET utf8mb3 COLLATE utf8mb3_bin NULL DEFAULT NULL,
  `DOUBLE_` double NULL DEFAULT NULL,
  `LONG_` bigint NULL DEFAULT NULL,
  `TEXT_` varchar(4000) CHARACTER SET utf8mb3 COLLATE utf8mb3_bin NULL DEFAULT NULL,
  `TEXT2_` varchar(4000) CHARACTER SET utf8mb3 COLLATE utf8mb3_bin NULL DEFAULT NULL,
  `CREATE_TIME_` datetime(3) NULL DEFAULT NULL,
  `LAST_UPDATED_TIME_` datetime(3) NULL DEFAULT NULL,
  PRIMARY KEY (`ID_`) USING BTREE,
  INDEX `ACT_IDX_HI_PROCVAR_PROC_INST`(`PROC_INST_ID_`) USING BTREE,
  INDEX `ACT_IDX_HI_PROCVAR_NAME_TYPE`(`NAME_`, `VAR_TYPE_`) USING BTREE,
  INDEX `ACT_IDX_HI_PROCVAR_TASK_ID`(`TASK_ID_`) USING BTREE
) ENGINE = InnoDB CHARACTER SET = utf8mb3 COLLATE = utf8mb3_bin ROW_FORMAT = Dynamic;

-- ----------------------------
-- Records of act_hi_varinst
-- ----------------------------
INSERT INTO `act_hi_varinst` VALUES ('0001745f-055c-11ef-b6ef-e02e0bf8bf06', '94cffae2-0552-11ef-a9e3-e02e0bf8bf06', '94cffae2-0552-11ef-a9e3-e02e0bf8bf06', NULL, 'managerAuditStatus', 'integer', 10, NULL, NULL, 2, '2', NULL, '2024-04-28 20:36:56.708', '2024-04-28 21:42:59.748');
INSERT INTO `act_hi_varinst` VALUES ('0014d557-055c-11ef-b6ef-e02e0bf8bf06', '94cffae2-0552-11ef-a9e3-e02e0bf8bf06', '94cffae5-0552-11ef-a9e3-e02e0bf8bf06', '00146026-055c-11ef-b6ef-e02e0bf8bf06', 'managerAuditStatus', 'integer', 0, NULL, NULL, 2, '2', NULL, '2024-04-28 20:36:56.827', '2024-04-28 20:36:56.827');
INSERT INTO `act_hi_varinst` VALUES ('0014d559-055c-11ef-b6ef-e02e0bf8bf06', '94cffae2-0552-11ef-a9e3-e02e0bf8bf06', '94cffae5-0552-11ef-a9e3-e02e0bf8bf06', '00146026-055c-11ef-b6ef-e02e0bf8bf06', 'manager', 'string', 0, NULL, NULL, NULL, 'staff_29,staff_6,admin,staff_2', NULL, '2024-04-28 20:36:56.827', '2024-04-28 20:36:56.827');
INSERT INTO `act_hi_varinst` VALUES ('0014d55b-055c-11ef-b6ef-e02e0bf8bf06', '94cffae2-0552-11ef-a9e3-e02e0bf8bf06', '94cffae5-0552-11ef-a9e3-e02e0bf8bf06', '00146026-055c-11ef-b6ef-e02e0bf8bf06', 'hrAuditStatus', 'integer', 0, NULL, NULL, 1, '1', NULL, '2024-04-28 20:36:56.827', '2024-04-28 20:36:56.827');
INSERT INTO `act_hi_varinst` VALUES ('0014d55d-055c-11ef-b6ef-e02e0bf8bf06', '94cffae2-0552-11ef-a9e3-e02e0bf8bf06', '94cffae5-0552-11ef-a9e3-e02e0bf8bf06', '00146026-055c-11ef-b6ef-e02e0bf8bf06', 'staff', 'string', 0, NULL, NULL, NULL, 'admin', NULL, '2024-04-28 20:36:56.827', '2024-04-28 20:36:56.827');
INSERT INTO `act_hi_varinst` VALUES ('0014d55f-055c-11ef-b6ef-e02e0bf8bf06', '94cffae2-0552-11ef-a9e3-e02e0bf8bf06', '94cffae5-0552-11ef-a9e3-e02e0bf8bf06', '00146026-055c-11ef-b6ef-e02e0bf8bf06', 'hr', 'string', 0, NULL, NULL, NULL, 'staff_9,staff_14,staff_18,staff_32,staff_31,admin,staff_3', NULL, '2024-04-28 20:36:56.827', '2024-04-28 20:36:56.827');
INSERT INTO `act_hi_varinst` VALUES ('0917db08-0552-11ef-a9e3-e02e0bf8bf06', '09173ec7-0552-11ef-a9e3-e02e0bf8bf06', '09173ec7-0552-11ef-a9e3-e02e0bf8bf06', NULL, 'staff', 'string', 3, NULL, NULL, NULL, 'admin', NULL, '2024-04-28 19:25:36.980', '2024-04-28 19:26:12.121');
INSERT INTO `act_hi_varinst` VALUES ('091e91ce-0552-11ef-a9e3-e02e0bf8bf06', '09173ec7-0552-11ef-a9e3-e02e0bf8bf06', '0918774a-0552-11ef-a9e3-e02e0bf8bf06', '091e1c9d-0552-11ef-a9e3-e02e0bf8bf06', 'staff', 'string', 0, NULL, NULL, NULL, 'admin', NULL, '2024-04-28 19:25:37.023', '2024-04-28 19:25:37.023');
INSERT INTO `act_hi_varinst` VALUES ('09271d51-0552-11ef-a9e3-e02e0bf8bf06', '09173ec7-0552-11ef-a9e3-e02e0bf8bf06', '09173ec7-0552-11ef-a9e3-e02e0bf8bf06', NULL, 'hr', 'string', 2, NULL, NULL, NULL, 'staff_9,staff_14,staff_18,staff_32,staff_31,admin,staff_3', NULL, '2024-04-28 19:25:37.079', '2024-04-28 19:26:12.119');
INSERT INTO `act_hi_varinst` VALUES ('0929dc76-0552-11ef-a9e3-e02e0bf8bf06', '09173ec7-0552-11ef-a9e3-e02e0bf8bf06', '0918774a-0552-11ef-a9e3-e02e0bf8bf06', '0929b565-0552-11ef-a9e3-e02e0bf8bf06', 'staff', 'string', 0, NULL, NULL, NULL, 'admin', NULL, '2024-04-28 19:25:37.097', '2024-04-28 19:25:37.097');
INSERT INTO `act_hi_varinst` VALUES ('0929dc78-0552-11ef-a9e3-e02e0bf8bf06', '09173ec7-0552-11ef-a9e3-e02e0bf8bf06', '0918774a-0552-11ef-a9e3-e02e0bf8bf06', '0929b565-0552-11ef-a9e3-e02e0bf8bf06', 'hr', 'string', 0, NULL, NULL, NULL, 'staff_9,staff_14,staff_18,staff_32,staff_31,admin,staff_3', NULL, '2024-04-28 19:25:37.097', '2024-04-28 19:25:37.097');
INSERT INTO `act_hi_varinst` VALUES ('16872fe9-0552-11ef-a9e3-e02e0bf8bf06', '09173ec7-0552-11ef-a9e3-e02e0bf8bf06', '09173ec7-0552-11ef-a9e3-e02e0bf8bf06', NULL, 'manager', 'string', 1, NULL, NULL, NULL, 'staff_29,staff_6,admin,staff_2', NULL, '2024-04-28 19:25:59.520', '2024-04-28 19:26:12.116');
INSERT INTO `act_hi_varinst` VALUES ('1687cc2d-0552-11ef-a9e3-e02e0bf8bf06', '09173ec7-0552-11ef-a9e3-e02e0bf8bf06', '0918774a-0552-11ef-a9e3-e02e0bf8bf06', '16877e0c-0552-11ef-a9e3-e02e0bf8bf06', 'manager', 'string', 0, NULL, NULL, NULL, 'staff_29,staff_6,admin,staff_2', NULL, '2024-04-28 19:25:59.523', '2024-04-28 19:25:59.523');
INSERT INTO `act_hi_varinst` VALUES ('1687f33f-0552-11ef-a9e3-e02e0bf8bf06', '09173ec7-0552-11ef-a9e3-e02e0bf8bf06', '0918774a-0552-11ef-a9e3-e02e0bf8bf06', '16877e0c-0552-11ef-a9e3-e02e0bf8bf06', 'hrAuditStatus', 'integer', 0, NULL, NULL, 1, '1', NULL, '2024-04-28 19:25:59.524', '2024-04-28 19:25:59.524');
INSERT INTO `act_hi_varinst` VALUES ('1687f341-0552-11ef-a9e3-e02e0bf8bf06', '09173ec7-0552-11ef-a9e3-e02e0bf8bf06', '0918774a-0552-11ef-a9e3-e02e0bf8bf06', '16877e0c-0552-11ef-a9e3-e02e0bf8bf06', 'hr', 'string', 0, NULL, NULL, NULL, 'staff_9,staff_14,staff_18,staff_32,staff_31,admin,staff_3', NULL, '2024-04-28 19:25:59.524', '2024-04-28 19:25:59.524');
INSERT INTO `act_hi_varinst` VALUES ('1687f343-0552-11ef-a9e3-e02e0bf8bf06', '09173ec7-0552-11ef-a9e3-e02e0bf8bf06', '0918774a-0552-11ef-a9e3-e02e0bf8bf06', '16877e0c-0552-11ef-a9e3-e02e0bf8bf06', 'staff', 'string', 0, NULL, NULL, NULL, 'admin', NULL, '2024-04-28 19:25:59.524', '2024-04-28 19:25:59.524');
INSERT INTO `act_hi_varinst` VALUES ('193e655b-0565-11ef-b6ef-e02e0bf8bf06', '94cffae2-0552-11ef-a9e3-e02e0bf8bf06', '94cffae5-0552-11ef-a9e3-e02e0bf8bf06', '1939aa6a-0565-11ef-b6ef-e02e0bf8bf06', 'managerAuditStatus', 'integer', 0, NULL, NULL, 2, '2', NULL, '2024-04-28 21:42:04.513', '2024-04-28 21:42:04.513');
INSERT INTO `act_hi_varinst` VALUES ('193e655d-0565-11ef-b6ef-e02e0bf8bf06', '94cffae2-0552-11ef-a9e3-e02e0bf8bf06', '94cffae5-0552-11ef-a9e3-e02e0bf8bf06', '1939aa6a-0565-11ef-b6ef-e02e0bf8bf06', 'manager', 'string', 0, NULL, NULL, NULL, 'staff_29,staff_6,admin,staff_2', NULL, '2024-04-28 21:42:04.513', '2024-04-28 21:42:04.513');
INSERT INTO `act_hi_varinst` VALUES ('193e655f-0565-11ef-b6ef-e02e0bf8bf06', '94cffae2-0552-11ef-a9e3-e02e0bf8bf06', '94cffae5-0552-11ef-a9e3-e02e0bf8bf06', '1939aa6a-0565-11ef-b6ef-e02e0bf8bf06', 'hrAuditStatus', 'integer', 0, NULL, NULL, 2, '2', NULL, '2024-04-28 21:42:04.513', '2024-04-28 21:42:04.513');
INSERT INTO `act_hi_varinst` VALUES ('193e6561-0565-11ef-b6ef-e02e0bf8bf06', '94cffae2-0552-11ef-a9e3-e02e0bf8bf06', '94cffae5-0552-11ef-a9e3-e02e0bf8bf06', '1939aa6a-0565-11ef-b6ef-e02e0bf8bf06', 'staff', 'string', 0, NULL, NULL, NULL, 'admin', NULL, '2024-04-28 21:42:04.513', '2024-04-28 21:42:04.513');
INSERT INTO `act_hi_varinst` VALUES ('193e6563-0565-11ef-b6ef-e02e0bf8bf06', '94cffae2-0552-11ef-a9e3-e02e0bf8bf06', '94cffae5-0552-11ef-a9e3-e02e0bf8bf06', '1939aa6a-0565-11ef-b6ef-e02e0bf8bf06', 'hr', 'string', 0, NULL, NULL, NULL, 'staff_9,staff_14,staff_18,staff_32,staff_31,admin,staff_3', NULL, '2024-04-28 21:42:04.513', '2024-04-28 21:42:04.513');
INSERT INTO `act_hi_varinst` VALUES ('1e09554d-0552-11ef-a9e3-e02e0bf8bf06', '09173ec7-0552-11ef-a9e3-e02e0bf8bf06', '09173ec7-0552-11ef-a9e3-e02e0bf8bf06', NULL, 'hrAuditStatus', 'integer', 0, NULL, NULL, 1, '1', NULL, '2024-04-28 19:26:12.117', '2024-04-28 19:26:12.117');
INSERT INTO `act_hi_varinst` VALUES ('2d5d965f-055d-11ef-b6ef-e02e0bf8bf06', '94cffae2-0552-11ef-a9e3-e02e0bf8bf06', '94cffae5-0552-11ef-a9e3-e02e0bf8bf06', '2d5d6f4e-055d-11ef-b6ef-e02e0bf8bf06', 'managerAuditStatus', 'integer', 0, NULL, NULL, 2, '2', NULL, '2024-04-28 20:45:22.298', '2024-04-28 20:45:22.298');
INSERT INTO `act_hi_varinst` VALUES ('2d5d9661-055d-11ef-b6ef-e02e0bf8bf06', '94cffae2-0552-11ef-a9e3-e02e0bf8bf06', '94cffae5-0552-11ef-a9e3-e02e0bf8bf06', '2d5d6f4e-055d-11ef-b6ef-e02e0bf8bf06', 'manager', 'string', 0, NULL, NULL, NULL, 'staff_29,staff_6,admin,staff_2', NULL, '2024-04-28 20:45:22.298', '2024-04-28 20:45:22.298');
INSERT INTO `act_hi_varinst` VALUES ('2d5d9663-055d-11ef-b6ef-e02e0bf8bf06', '94cffae2-0552-11ef-a9e3-e02e0bf8bf06', '94cffae5-0552-11ef-a9e3-e02e0bf8bf06', '2d5d6f4e-055d-11ef-b6ef-e02e0bf8bf06', 'hrAuditStatus', 'integer', 0, NULL, NULL, 2, '2', NULL, '2024-04-28 20:45:22.298', '2024-04-28 20:45:22.298');
INSERT INTO `act_hi_varinst` VALUES ('2d5d9665-055d-11ef-b6ef-e02e0bf8bf06', '94cffae2-0552-11ef-a9e3-e02e0bf8bf06', '94cffae5-0552-11ef-a9e3-e02e0bf8bf06', '2d5d6f4e-055d-11ef-b6ef-e02e0bf8bf06', 'staff', 'string', 0, NULL, NULL, NULL, 'admin', NULL, '2024-04-28 20:45:22.298', '2024-04-28 20:45:22.298');
INSERT INTO `act_hi_varinst` VALUES ('2d5d9667-055d-11ef-b6ef-e02e0bf8bf06', '94cffae2-0552-11ef-a9e3-e02e0bf8bf06', '94cffae5-0552-11ef-a9e3-e02e0bf8bf06', '2d5d6f4e-055d-11ef-b6ef-e02e0bf8bf06', 'hr', 'string', 0, NULL, NULL, NULL, 'staff_9,staff_14,staff_18,staff_32,staff_31,admin,staff_3', NULL, '2024-04-28 20:45:22.298', '2024-04-28 20:45:22.298');
INSERT INTO `act_hi_varinst` VALUES ('30f40994-0565-11ef-b6ef-e02e0bf8bf06', '94cffae2-0552-11ef-a9e3-e02e0bf8bf06', '94cffae5-0552-11ef-a9e3-e02e0bf8bf06', '30f3bb73-0565-11ef-b6ef-e02e0bf8bf06', 'managerAuditStatus', 'integer', 0, NULL, NULL, 2, '2', NULL, '2024-04-28 21:42:44.291', '2024-04-28 21:42:44.291');
INSERT INTO `act_hi_varinst` VALUES ('30f40996-0565-11ef-b6ef-e02e0bf8bf06', '94cffae2-0552-11ef-a9e3-e02e0bf8bf06', '94cffae5-0552-11ef-a9e3-e02e0bf8bf06', '30f3bb73-0565-11ef-b6ef-e02e0bf8bf06', 'manager', 'string', 0, NULL, NULL, NULL, 'staff_29,staff_6,admin,staff_2', NULL, '2024-04-28 21:42:44.291', '2024-04-28 21:42:44.291');
INSERT INTO `act_hi_varinst` VALUES ('30f40998-0565-11ef-b6ef-e02e0bf8bf06', '94cffae2-0552-11ef-a9e3-e02e0bf8bf06', '94cffae5-0552-11ef-a9e3-e02e0bf8bf06', '30f3bb73-0565-11ef-b6ef-e02e0bf8bf06', 'hrAuditStatus', 'integer', 0, NULL, NULL, 1, '1', NULL, '2024-04-28 21:42:44.291', '2024-04-28 21:42:44.291');
INSERT INTO `act_hi_varinst` VALUES ('30f430aa-0565-11ef-b6ef-e02e0bf8bf06', '94cffae2-0552-11ef-a9e3-e02e0bf8bf06', '94cffae5-0552-11ef-a9e3-e02e0bf8bf06', '30f3bb73-0565-11ef-b6ef-e02e0bf8bf06', 'staff', 'string', 0, NULL, NULL, NULL, 'admin', NULL, '2024-04-28 21:42:44.292', '2024-04-28 21:42:44.292');
INSERT INTO `act_hi_varinst` VALUES ('30f430ac-0565-11ef-b6ef-e02e0bf8bf06', '94cffae2-0552-11ef-a9e3-e02e0bf8bf06', '94cffae5-0552-11ef-a9e3-e02e0bf8bf06', '30f3bb73-0565-11ef-b6ef-e02e0bf8bf06', 'hr', 'string', 0, NULL, NULL, NULL, 'staff_9,staff_14,staff_18,staff_32,staff_31,admin,staff_3', NULL, '2024-04-28 21:42:44.292', '2024-04-28 21:42:44.292');
INSERT INTO `act_hi_varinst` VALUES ('36a1b810-055d-11ef-b6ef-e02e0bf8bf06', '94cffae2-0552-11ef-a9e3-e02e0bf8bf06', '94cffae5-0552-11ef-a9e3-e02e0bf8bf06', '36a142df-055d-11ef-b6ef-e02e0bf8bf06', 'managerAuditStatus', 'integer', 0, NULL, NULL, 2, '2', NULL, '2024-04-28 20:45:37.844', '2024-04-28 20:45:37.844');
INSERT INTO `act_hi_varinst` VALUES ('36a1b812-055d-11ef-b6ef-e02e0bf8bf06', '94cffae2-0552-11ef-a9e3-e02e0bf8bf06', '94cffae5-0552-11ef-a9e3-e02e0bf8bf06', '36a142df-055d-11ef-b6ef-e02e0bf8bf06', 'manager', 'string', 0, NULL, NULL, NULL, 'staff_29,staff_6,admin,staff_2', NULL, '2024-04-28 20:45:37.844', '2024-04-28 20:45:37.844');
INSERT INTO `act_hi_varinst` VALUES ('36a1b814-055d-11ef-b6ef-e02e0bf8bf06', '94cffae2-0552-11ef-a9e3-e02e0bf8bf06', '94cffae5-0552-11ef-a9e3-e02e0bf8bf06', '36a142df-055d-11ef-b6ef-e02e0bf8bf06', 'hrAuditStatus', 'integer', 0, NULL, NULL, 2, '2', NULL, '2024-04-28 20:45:37.844', '2024-04-28 20:45:37.844');
INSERT INTO `act_hi_varinst` VALUES ('36a1b816-055d-11ef-b6ef-e02e0bf8bf06', '94cffae2-0552-11ef-a9e3-e02e0bf8bf06', '94cffae5-0552-11ef-a9e3-e02e0bf8bf06', '36a142df-055d-11ef-b6ef-e02e0bf8bf06', 'staff', 'string', 0, NULL, NULL, NULL, 'admin', NULL, '2024-04-28 20:45:37.844', '2024-04-28 20:45:37.844');
INSERT INTO `act_hi_varinst` VALUES ('36a1b818-055d-11ef-b6ef-e02e0bf8bf06', '94cffae2-0552-11ef-a9e3-e02e0bf8bf06', '94cffae5-0552-11ef-a9e3-e02e0bf8bf06', '36a142df-055d-11ef-b6ef-e02e0bf8bf06', 'hr', 'string', 0, NULL, NULL, NULL, 'staff_9,staff_14,staff_18,staff_32,staff_31,admin,staff_3', NULL, '2024-04-28 20:45:37.844', '2024-04-28 20:45:37.844');
INSERT INTO `act_hi_varinst` VALUES ('3a2d55d9-0565-11ef-b6ef-e02e0bf8bf06', '94cffae2-0552-11ef-a9e3-e02e0bf8bf06', '94cffae5-0552-11ef-a9e3-e02e0bf8bf06', '3a2d55d8-0565-11ef-b6ef-e02e0bf8bf06', 'managerAuditStatus', 'integer', 0, NULL, NULL, 2, '2', NULL, '2024-04-28 21:42:59.766', '2024-04-28 21:42:59.766');
INSERT INTO `act_hi_varinst` VALUES ('3a2d55db-0565-11ef-b6ef-e02e0bf8bf06', '94cffae2-0552-11ef-a9e3-e02e0bf8bf06', '94cffae5-0552-11ef-a9e3-e02e0bf8bf06', '3a2d55d8-0565-11ef-b6ef-e02e0bf8bf06', 'manager', 'string', 0, NULL, NULL, NULL, 'staff_29,staff_6,admin,staff_2', NULL, '2024-04-28 21:42:59.766', '2024-04-28 21:42:59.766');
INSERT INTO `act_hi_varinst` VALUES ('3a2d55dd-0565-11ef-b6ef-e02e0bf8bf06', '94cffae2-0552-11ef-a9e3-e02e0bf8bf06', '94cffae5-0552-11ef-a9e3-e02e0bf8bf06', '3a2d55d8-0565-11ef-b6ef-e02e0bf8bf06', 'hrAuditStatus', 'integer', 0, NULL, NULL, 1, '1', NULL, '2024-04-28 21:42:59.766', '2024-04-28 21:42:59.766');
INSERT INTO `act_hi_varinst` VALUES ('3a2d55df-0565-11ef-b6ef-e02e0bf8bf06', '94cffae2-0552-11ef-a9e3-e02e0bf8bf06', '94cffae5-0552-11ef-a9e3-e02e0bf8bf06', '3a2d55d8-0565-11ef-b6ef-e02e0bf8bf06', 'staff', 'string', 0, NULL, NULL, NULL, 'admin', NULL, '2024-04-28 21:42:59.766', '2024-04-28 21:42:59.766');
INSERT INTO `act_hi_varinst` VALUES ('3a2d55e1-0565-11ef-b6ef-e02e0bf8bf06', '94cffae2-0552-11ef-a9e3-e02e0bf8bf06', '94cffae5-0552-11ef-a9e3-e02e0bf8bf06', '3a2d55d8-0565-11ef-b6ef-e02e0bf8bf06', 'hr', 'string', 0, NULL, NULL, NULL, 'staff_9,staff_14,staff_18,staff_32,staff_31,admin,staff_3', NULL, '2024-04-28 21:42:59.766', '2024-04-28 21:42:59.766');
INSERT INTO `act_hi_varinst` VALUES ('4faf9f44-0565-11ef-b6ef-e02e0bf8bf06', '4faf5123-0565-11ef-b6ef-e02e0bf8bf06', '4faf5123-0565-11ef-b6ef-e02e0bf8bf06', NULL, 'staff', 'string', 1, NULL, NULL, NULL, 'admin', NULL, '2024-04-28 21:43:35.852', '2024-04-28 21:43:35.923');
INSERT INTO `act_hi_varinst` VALUES ('4fb0629a-0565-11ef-b6ef-e02e0bf8bf06', '4faf5123-0565-11ef-b6ef-e02e0bf8bf06', '4faf9f46-0565-11ef-b6ef-e02e0bf8bf06', '4fb01479-0565-11ef-b6ef-e02e0bf8bf06', 'staff', 'string', 0, NULL, NULL, NULL, 'admin', NULL, '2024-04-28 21:43:35.857', '2024-04-28 21:43:35.857');
INSERT INTO `act_hi_varinst` VALUES ('4fb9b16d-0565-11ef-b6ef-e02e0bf8bf06', '4faf5123-0565-11ef-b6ef-e02e0bf8bf06', '4faf5123-0565-11ef-b6ef-e02e0bf8bf06', NULL, 'hr', 'string', 0, NULL, NULL, NULL, 'staff_9,staff_14,staff_18,staff_32,staff_31,admin,staff_3', NULL, '2024-04-28 21:43:35.918', '2024-04-28 21:43:35.918');
INSERT INTO `act_hi_varinst` VALUES ('4fbb8632-0565-11ef-b6ef-e02e0bf8bf06', '4faf5123-0565-11ef-b6ef-e02e0bf8bf06', '4faf9f46-0565-11ef-b6ef-e02e0bf8bf06', '4fbb3811-0565-11ef-b6ef-e02e0bf8bf06', 'staff', 'string', 0, NULL, NULL, NULL, 'admin', NULL, '2024-04-28 21:43:35.930', '2024-04-28 21:43:35.930');
INSERT INTO `act_hi_varinst` VALUES ('4fbb8634-0565-11ef-b6ef-e02e0bf8bf06', '4faf5123-0565-11ef-b6ef-e02e0bf8bf06', '4faf9f46-0565-11ef-b6ef-e02e0bf8bf06', '4fbb3811-0565-11ef-b6ef-e02e0bf8bf06', 'hr', 'string', 0, NULL, NULL, NULL, 'staff_9,staff_14,staff_18,staff_32,staff_31,admin,staff_3', NULL, '2024-04-28 21:43:35.930', '2024-04-28 21:43:35.930');
INSERT INTO `act_hi_varinst` VALUES ('53140383-0569-11ef-b7f5-e02e0bf8bf06', 'ba87e319-0568-11ef-b6df-e02e0bf8bf06', 'ba87e319-0568-11ef-b6df-e02e0bf8bf06', NULL, 'manager', 'string', 1, NULL, NULL, NULL, 'staff_29,staff_6,staff_2,admin', NULL, '2024-04-28 22:12:19.530', '2024-04-28 22:12:28.991');
INSERT INTO `act_hi_varinst` VALUES ('53149fc7-0569-11ef-b7f5-e02e0bf8bf06', 'ba87e319-0568-11ef-b6df-e02e0bf8bf06', 'ba880a2c-0568-11ef-b6df-e02e0bf8bf06', '531478b6-0569-11ef-b7f5-e02e0bf8bf06', 'manager', 'string', 0, NULL, NULL, NULL, 'staff_29,staff_6,staff_2,admin', NULL, '2024-04-28 22:12:19.534', '2024-04-28 22:12:19.534');
INSERT INTO `act_hi_varinst` VALUES ('5314c6d9-0569-11ef-b7f5-e02e0bf8bf06', 'ba87e319-0568-11ef-b6df-e02e0bf8bf06', 'ba880a2c-0568-11ef-b6df-e02e0bf8bf06', '531478b6-0569-11ef-b7f5-e02e0bf8bf06', 'hrAuditStatus', 'integer', 0, NULL, NULL, 1, '1', NULL, '2024-04-28 22:12:19.535', '2024-04-28 22:12:19.535');
INSERT INTO `act_hi_varinst` VALUES ('5314c6db-0569-11ef-b7f5-e02e0bf8bf06', 'ba87e319-0568-11ef-b6df-e02e0bf8bf06', 'ba880a2c-0568-11ef-b6df-e02e0bf8bf06', '531478b6-0569-11ef-b7f5-e02e0bf8bf06', 'staff', 'string', 0, NULL, NULL, NULL, 'staff_3', NULL, '2024-04-28 22:12:19.535', '2024-04-28 22:12:19.535');
INSERT INTO `act_hi_varinst` VALUES ('5314c6dd-0569-11ef-b7f5-e02e0bf8bf06', 'ba87e319-0568-11ef-b6df-e02e0bf8bf06', 'ba880a2c-0568-11ef-b6df-e02e0bf8bf06', '531478b6-0569-11ef-b7f5-e02e0bf8bf06', 'hr', 'string', 0, NULL, NULL, NULL, 'staff_9,staff_14,staff_18,staff_32,staff_31,staff_3,admin', NULL, '2024-04-28 22:12:19.535', '2024-04-28 22:12:19.535');
INSERT INTO `act_hi_varinst` VALUES ('573f2d18-055d-11ef-b6ef-e02e0bf8bf06', '94cffae2-0552-11ef-a9e3-e02e0bf8bf06', '94cffae5-0552-11ef-a9e3-e02e0bf8bf06', '573f0607-055d-11ef-b6ef-e02e0bf8bf06', 'managerAuditStatus', 'integer', 0, NULL, NULL, 2, '2', NULL, '2024-04-28 20:46:32.563', '2024-04-28 20:46:32.563');
INSERT INTO `act_hi_varinst` VALUES ('573f2d1a-055d-11ef-b6ef-e02e0bf8bf06', '94cffae2-0552-11ef-a9e3-e02e0bf8bf06', '94cffae5-0552-11ef-a9e3-e02e0bf8bf06', '573f0607-055d-11ef-b6ef-e02e0bf8bf06', 'manager', 'string', 0, NULL, NULL, NULL, 'staff_29,staff_6,admin,staff_2', NULL, '2024-04-28 20:46:32.563', '2024-04-28 20:46:32.563');
INSERT INTO `act_hi_varinst` VALUES ('573f2d1c-055d-11ef-b6ef-e02e0bf8bf06', '94cffae2-0552-11ef-a9e3-e02e0bf8bf06', '94cffae5-0552-11ef-a9e3-e02e0bf8bf06', '573f0607-055d-11ef-b6ef-e02e0bf8bf06', 'hrAuditStatus', 'integer', 0, NULL, NULL, 2, '2', NULL, '2024-04-28 20:46:32.563', '2024-04-28 20:46:32.563');
INSERT INTO `act_hi_varinst` VALUES ('573f2d1e-055d-11ef-b6ef-e02e0bf8bf06', '94cffae2-0552-11ef-a9e3-e02e0bf8bf06', '94cffae5-0552-11ef-a9e3-e02e0bf8bf06', '573f0607-055d-11ef-b6ef-e02e0bf8bf06', 'staff', 'string', 0, NULL, NULL, NULL, 'admin', NULL, '2024-04-28 20:46:32.563', '2024-04-28 20:46:32.563');
INSERT INTO `act_hi_varinst` VALUES ('573f2d20-055d-11ef-b6ef-e02e0bf8bf06', '94cffae2-0552-11ef-a9e3-e02e0bf8bf06', '94cffae5-0552-11ef-a9e3-e02e0bf8bf06', '573f0607-055d-11ef-b6ef-e02e0bf8bf06', 'hr', 'string', 0, NULL, NULL, NULL, 'staff_9,staff_14,staff_18,staff_32,staff_31,admin,staff_3', NULL, '2024-04-28 20:46:32.563', '2024-04-28 20:46:32.563');
INSERT INTO `act_hi_varinst` VALUES ('58b7a5e7-0569-11ef-b7f5-e02e0bf8bf06', 'ba87e319-0568-11ef-b6df-e02e0bf8bf06', 'ba87e319-0568-11ef-b6df-e02e0bf8bf06', NULL, 'hrAuditStatus', 'integer', 0, NULL, NULL, 1, '1', NULL, '2024-04-28 22:12:28.991', '2024-04-28 22:12:28.991');
INSERT INTO `act_hi_varinst` VALUES ('6da6d384-0565-11ef-b6ef-e02e0bf8bf06', '6da6ac73-0565-11ef-b6ef-e02e0bf8bf06', '6da6ac73-0565-11ef-b6ef-e02e0bf8bf06', NULL, 'staff', 'string', 3, NULL, NULL, NULL, 'admin', NULL, '2024-04-28 21:44:26.126', '2024-04-28 21:44:45.001');
INSERT INTO `act_hi_varinst` VALUES ('6da721aa-0565-11ef-b6ef-e02e0bf8bf06', '6da6ac73-0565-11ef-b6ef-e02e0bf8bf06', '6da6d386-0565-11ef-b6ef-e02e0bf8bf06', '6da6d389-0565-11ef-b6ef-e02e0bf8bf06', 'staff', 'string', 0, NULL, NULL, NULL, 'admin', NULL, '2024-04-28 21:44:26.128', '2024-04-28 21:44:26.128');
INSERT INTO `act_hi_varinst` VALUES ('6daec2cd-0565-11ef-b6ef-e02e0bf8bf06', '6da6ac73-0565-11ef-b6ef-e02e0bf8bf06', '6da6ac73-0565-11ef-b6ef-e02e0bf8bf06', NULL, 'hr', 'string', 2, NULL, NULL, NULL, 'staff_9,staff_14,staff_18,staff_32,staff_31,admin,staff_3', NULL, '2024-04-28 21:44:26.178', '2024-04-28 21:44:45.002');
INSERT INTO `act_hi_varinst` VALUES ('6daffb52-0565-11ef-b6ef-e02e0bf8bf06', '6da6ac73-0565-11ef-b6ef-e02e0bf8bf06', '6da6d386-0565-11ef-b6ef-e02e0bf8bf06', '6daffb51-0565-11ef-b6ef-e02e0bf8bf06', 'staff', 'string', 0, NULL, NULL, NULL, 'admin', NULL, '2024-04-28 21:44:26.186', '2024-04-28 21:44:26.186');
INSERT INTO `act_hi_varinst` VALUES ('6daffb54-0565-11ef-b6ef-e02e0bf8bf06', '6da6ac73-0565-11ef-b6ef-e02e0bf8bf06', '6da6d386-0565-11ef-b6ef-e02e0bf8bf06', '6daffb51-0565-11ef-b6ef-e02e0bf8bf06', 'hr', 'string', 0, NULL, NULL, NULL, 'staff_9,staff_14,staff_18,staff_32,staff_31,admin,staff_3', NULL, '2024-04-28 21:44:26.186', '2024-04-28 21:44:26.186');
INSERT INTO `act_hi_varinst` VALUES ('7547a585-0565-11ef-b6ef-e02e0bf8bf06', '6da6ac73-0565-11ef-b6ef-e02e0bf8bf06', '6da6ac73-0565-11ef-b6ef-e02e0bf8bf06', NULL, 'manager', 'string', 1, NULL, NULL, NULL, 'staff_29,staff_6,admin,staff_2', NULL, '2024-04-28 21:44:38.924', '2024-04-28 21:44:45.001');
INSERT INTO `act_hi_varinst` VALUES ('7547f3a9-0565-11ef-b6ef-e02e0bf8bf06', '6da6ac73-0565-11ef-b6ef-e02e0bf8bf06', '6da6d386-0565-11ef-b6ef-e02e0bf8bf06', '7547a588-0565-11ef-b6ef-e02e0bf8bf06', 'manager', 'string', 0, NULL, NULL, NULL, 'staff_29,staff_6,admin,staff_2', NULL, '2024-04-28 21:44:38.926', '2024-04-28 21:44:38.926');
INSERT INTO `act_hi_varinst` VALUES ('7547f3ab-0565-11ef-b6ef-e02e0bf8bf06', '6da6ac73-0565-11ef-b6ef-e02e0bf8bf06', '6da6d386-0565-11ef-b6ef-e02e0bf8bf06', '7547a588-0565-11ef-b6ef-e02e0bf8bf06', 'hrAuditStatus', 'integer', 0, NULL, NULL, 1, '1', NULL, '2024-04-28 21:44:38.926', '2024-04-28 21:44:38.926');
INSERT INTO `act_hi_varinst` VALUES ('7547f3ad-0565-11ef-b6ef-e02e0bf8bf06', '6da6ac73-0565-11ef-b6ef-e02e0bf8bf06', '6da6d386-0565-11ef-b6ef-e02e0bf8bf06', '7547a588-0565-11ef-b6ef-e02e0bf8bf06', 'staff', 'string', 0, NULL, NULL, NULL, 'admin', NULL, '2024-04-28 21:44:38.926', '2024-04-28 21:44:38.926');
INSERT INTO `act_hi_varinst` VALUES ('7547f3af-0565-11ef-b6ef-e02e0bf8bf06', '6da6ac73-0565-11ef-b6ef-e02e0bf8bf06', '6da6d386-0565-11ef-b6ef-e02e0bf8bf06', '7547a588-0565-11ef-b6ef-e02e0bf8bf06', 'hr', 'string', 0, NULL, NULL, NULL, 'staff_9,staff_14,staff_18,staff_32,staff_31,admin,staff_3', NULL, '2024-04-28 21:44:38.926', '2024-04-28 21:44:38.926');
INSERT INTO `act_hi_varinst` VALUES ('78e6ec69-0565-11ef-b6ef-e02e0bf8bf06', '6da6ac73-0565-11ef-b6ef-e02e0bf8bf06', '6da6ac73-0565-11ef-b6ef-e02e0bf8bf06', NULL, 'hrAuditStatus', 'integer', 0, NULL, NULL, 1, '1', NULL, '2024-04-28 21:44:45.001', '2024-04-28 21:44:45.001');
INSERT INTO `act_hi_varinst` VALUES ('94cffae3-0552-11ef-a9e3-e02e0bf8bf06', '94cffae2-0552-11ef-a9e3-e02e0bf8bf06', '94cffae2-0552-11ef-a9e3-e02e0bf8bf06', NULL, 'staff', 'string', 14, NULL, NULL, NULL, 'admin', NULL, '2024-04-28 19:29:31.389', '2024-04-28 21:42:59.756');
INSERT INTO `act_hi_varinst` VALUES ('94d04909-0552-11ef-a9e3-e02e0bf8bf06', '94cffae2-0552-11ef-a9e3-e02e0bf8bf06', '94cffae5-0552-11ef-a9e3-e02e0bf8bf06', '94d021f8-0552-11ef-a9e3-e02e0bf8bf06', 'staff', 'string', 0, NULL, NULL, NULL, 'admin', NULL, '2024-04-28 19:29:31.391', '2024-04-28 19:29:31.391');
INSERT INTO `act_hi_varinst` VALUES ('94da0d0c-0552-11ef-a9e3-e02e0bf8bf06', '94cffae2-0552-11ef-a9e3-e02e0bf8bf06', '94cffae2-0552-11ef-a9e3-e02e0bf8bf06', NULL, 'hr', 'string', 13, NULL, NULL, NULL, 'staff_9,staff_14,staff_18,staff_32,staff_31,admin,staff_3', NULL, '2024-04-28 19:29:31.456', '2024-04-28 21:42:59.757');
INSERT INTO `act_hi_varinst` VALUES ('94db6ca1-0552-11ef-a9e3-e02e0bf8bf06', '94cffae2-0552-11ef-a9e3-e02e0bf8bf06', '94cffae5-0552-11ef-a9e3-e02e0bf8bf06', '94db4590-0552-11ef-a9e3-e02e0bf8bf06', 'staff', 'string', 0, NULL, NULL, NULL, 'admin', NULL, '2024-04-28 19:29:31.464', '2024-04-28 19:29:31.464');
INSERT INTO `act_hi_varinst` VALUES ('94db6ca3-0552-11ef-a9e3-e02e0bf8bf06', '94cffae2-0552-11ef-a9e3-e02e0bf8bf06', '94cffae5-0552-11ef-a9e3-e02e0bf8bf06', '94db4590-0552-11ef-a9e3-e02e0bf8bf06', 'hr', 'string', 0, NULL, NULL, NULL, 'staff_9,staff_14,staff_18,staff_32,staff_31,admin,staff_3', NULL, '2024-04-28 19:29:31.464', '2024-04-28 19:29:31.464');
INSERT INTO `act_hi_varinst` VALUES ('9a233364-0552-11ef-a9e3-e02e0bf8bf06', '94cffae2-0552-11ef-a9e3-e02e0bf8bf06', '94cffae2-0552-11ef-a9e3-e02e0bf8bf06', NULL, 'manager', 'string', 12, NULL, NULL, NULL, 'staff_29,staff_6,admin,staff_2', NULL, '2024-04-28 19:29:40.323', '2024-04-28 21:42:59.752');
INSERT INTO `act_hi_varinst` VALUES ('9a235a78-0552-11ef-a9e3-e02e0bf8bf06', '94cffae2-0552-11ef-a9e3-e02e0bf8bf06', '94cffae5-0552-11ef-a9e3-e02e0bf8bf06', '9a233367-0552-11ef-a9e3-e02e0bf8bf06', 'manager', 'string', 0, NULL, NULL, NULL, 'staff_29,staff_6,admin,staff_2', NULL, '2024-04-28 19:29:40.324', '2024-04-28 19:29:40.324');
INSERT INTO `act_hi_varinst` VALUES ('9a235a7a-0552-11ef-a9e3-e02e0bf8bf06', '94cffae2-0552-11ef-a9e3-e02e0bf8bf06', '94cffae5-0552-11ef-a9e3-e02e0bf8bf06', '9a233367-0552-11ef-a9e3-e02e0bf8bf06', 'hrAuditStatus', 'integer', 0, NULL, NULL, 1, '1', NULL, '2024-04-28 19:29:40.324', '2024-04-28 19:29:40.324');
INSERT INTO `act_hi_varinst` VALUES ('9a235a7c-0552-11ef-a9e3-e02e0bf8bf06', '94cffae2-0552-11ef-a9e3-e02e0bf8bf06', '94cffae5-0552-11ef-a9e3-e02e0bf8bf06', '9a233367-0552-11ef-a9e3-e02e0bf8bf06', 'staff', 'string', 0, NULL, NULL, NULL, 'admin', NULL, '2024-04-28 19:29:40.324', '2024-04-28 19:29:40.324');
INSERT INTO `act_hi_varinst` VALUES ('9a235a7e-0552-11ef-a9e3-e02e0bf8bf06', '94cffae2-0552-11ef-a9e3-e02e0bf8bf06', '94cffae5-0552-11ef-a9e3-e02e0bf8bf06', '9a233367-0552-11ef-a9e3-e02e0bf8bf06', 'hr', 'string', 0, NULL, NULL, NULL, 'staff_9,staff_14,staff_18,staff_32,staff_31,admin,staff_3', NULL, '2024-04-28 19:29:40.324', '2024-04-28 19:29:40.324');
INSERT INTO `act_hi_varinst` VALUES ('9f0b4df8-0552-11ef-a9e3-e02e0bf8bf06', '94cffae2-0552-11ef-a9e3-e02e0bf8bf06', '94cffae2-0552-11ef-a9e3-e02e0bf8bf06', NULL, 'hrAuditStatus', 'integer', 11, NULL, NULL, 1, '1', NULL, '2024-04-28 19:29:48.556', '2024-04-28 21:42:59.755');
INSERT INTO `act_hi_varinst` VALUES ('9f0c867e-0552-11ef-a9e3-e02e0bf8bf06', '94cffae2-0552-11ef-a9e3-e02e0bf8bf06', '94cffae5-0552-11ef-a9e3-e02e0bf8bf06', '9f0c867d-0552-11ef-a9e3-e02e0bf8bf06', 'managerAuditStatus', 'integer', 0, NULL, NULL, 2, '2', NULL, '2024-04-28 19:29:48.563', '2024-04-28 19:29:48.563');
INSERT INTO `act_hi_varinst` VALUES ('9f0c8680-0552-11ef-a9e3-e02e0bf8bf06', '94cffae2-0552-11ef-a9e3-e02e0bf8bf06', '94cffae5-0552-11ef-a9e3-e02e0bf8bf06', '9f0c867d-0552-11ef-a9e3-e02e0bf8bf06', 'manager', 'string', 0, NULL, NULL, NULL, 'staff_29,staff_6,admin,staff_2', NULL, '2024-04-28 19:29:48.563', '2024-04-28 19:29:48.563');
INSERT INTO `act_hi_varinst` VALUES ('9f0c8682-0552-11ef-a9e3-e02e0bf8bf06', '94cffae2-0552-11ef-a9e3-e02e0bf8bf06', '94cffae5-0552-11ef-a9e3-e02e0bf8bf06', '9f0c867d-0552-11ef-a9e3-e02e0bf8bf06', 'hrAuditStatus', 'integer', 0, NULL, NULL, 1, '1', NULL, '2024-04-28 19:29:48.563', '2024-04-28 19:29:48.563');
INSERT INTO `act_hi_varinst` VALUES ('9f0c8684-0552-11ef-a9e3-e02e0bf8bf06', '94cffae2-0552-11ef-a9e3-e02e0bf8bf06', '94cffae5-0552-11ef-a9e3-e02e0bf8bf06', '9f0c867d-0552-11ef-a9e3-e02e0bf8bf06', 'staff', 'string', 0, NULL, NULL, NULL, 'admin', NULL, '2024-04-28 19:29:48.563', '2024-04-28 19:29:48.563');
INSERT INTO `act_hi_varinst` VALUES ('9f0c8686-0552-11ef-a9e3-e02e0bf8bf06', '94cffae2-0552-11ef-a9e3-e02e0bf8bf06', '94cffae5-0552-11ef-a9e3-e02e0bf8bf06', '9f0c867d-0552-11ef-a9e3-e02e0bf8bf06', 'hr', 'string', 0, NULL, NULL, NULL, 'staff_9,staff_14,staff_18,staff_32,staff_31,admin,staff_3', NULL, '2024-04-28 19:29:48.563', '2024-04-28 19:29:48.563');
INSERT INTO `act_hi_varinst` VALUES ('a14b7161-0560-11ef-b6ef-e02e0bf8bf06', '94cffae2-0552-11ef-a9e3-e02e0bf8bf06', '94cffae5-0552-11ef-a9e3-e02e0bf8bf06', 'a14b7160-0560-11ef-b6ef-e02e0bf8bf06', 'managerAuditStatus', 'integer', 0, NULL, NULL, 2, '2', NULL, '2024-04-28 21:10:05.285', '2024-04-28 21:10:05.285');
INSERT INTO `act_hi_varinst` VALUES ('a14b7163-0560-11ef-b6ef-e02e0bf8bf06', '94cffae2-0552-11ef-a9e3-e02e0bf8bf06', '94cffae5-0552-11ef-a9e3-e02e0bf8bf06', 'a14b7160-0560-11ef-b6ef-e02e0bf8bf06', 'manager', 'string', 0, NULL, NULL, NULL, 'staff_29,staff_6,admin,staff_2', NULL, '2024-04-28 21:10:05.285', '2024-04-28 21:10:05.285');
INSERT INTO `act_hi_varinst` VALUES ('a14b7165-0560-11ef-b6ef-e02e0bf8bf06', '94cffae2-0552-11ef-a9e3-e02e0bf8bf06', '94cffae5-0552-11ef-a9e3-e02e0bf8bf06', 'a14b7160-0560-11ef-b6ef-e02e0bf8bf06', 'hrAuditStatus', 'integer', 0, NULL, NULL, 2, '2', NULL, '2024-04-28 21:10:05.287', '2024-04-28 21:10:05.287');
INSERT INTO `act_hi_varinst` VALUES ('a14bbf87-0560-11ef-b6ef-e02e0bf8bf06', '94cffae2-0552-11ef-a9e3-e02e0bf8bf06', '94cffae5-0552-11ef-a9e3-e02e0bf8bf06', 'a14b7160-0560-11ef-b6ef-e02e0bf8bf06', 'staff', 'string', 0, NULL, NULL, NULL, 'admin', NULL, '2024-04-28 21:10:05.287', '2024-04-28 21:10:05.287');
INSERT INTO `act_hi_varinst` VALUES ('a14bbf89-0560-11ef-b6ef-e02e0bf8bf06', '94cffae2-0552-11ef-a9e3-e02e0bf8bf06', '94cffae5-0552-11ef-a9e3-e02e0bf8bf06', 'a14b7160-0560-11ef-b6ef-e02e0bf8bf06', 'hr', 'string', 0, NULL, NULL, NULL, 'staff_9,staff_14,staff_18,staff_32,staff_31,admin,staff_3', NULL, '2024-04-28 21:10:05.287', '2024-04-28 21:10:05.287');
INSERT INTO `act_hi_varinst` VALUES ('a8e7af72-0560-11ef-b6ef-e02e0bf8bf06', '94cffae2-0552-11ef-a9e3-e02e0bf8bf06', '94cffae5-0552-11ef-a9e3-e02e0bf8bf06', 'a8e76151-0560-11ef-b6ef-e02e0bf8bf06', 'managerAuditStatus', 'integer', 0, NULL, NULL, 2, '2', NULL, '2024-04-28 21:10:18.053', '2024-04-28 21:10:18.053');
INSERT INTO `act_hi_varinst` VALUES ('a8e7af74-0560-11ef-b6ef-e02e0bf8bf06', '94cffae2-0552-11ef-a9e3-e02e0bf8bf06', '94cffae5-0552-11ef-a9e3-e02e0bf8bf06', 'a8e76151-0560-11ef-b6ef-e02e0bf8bf06', 'manager', 'string', 0, NULL, NULL, NULL, 'staff_29,staff_6,admin,staff_2', NULL, '2024-04-28 21:10:18.053', '2024-04-28 21:10:18.053');
INSERT INTO `act_hi_varinst` VALUES ('a8e7af76-0560-11ef-b6ef-e02e0bf8bf06', '94cffae2-0552-11ef-a9e3-e02e0bf8bf06', '94cffae5-0552-11ef-a9e3-e02e0bf8bf06', 'a8e76151-0560-11ef-b6ef-e02e0bf8bf06', 'hrAuditStatus', 'integer', 0, NULL, NULL, 2, '2', NULL, '2024-04-28 21:10:18.053', '2024-04-28 21:10:18.053');
INSERT INTO `act_hi_varinst` VALUES ('a8e7af78-0560-11ef-b6ef-e02e0bf8bf06', '94cffae2-0552-11ef-a9e3-e02e0bf8bf06', '94cffae5-0552-11ef-a9e3-e02e0bf8bf06', 'a8e76151-0560-11ef-b6ef-e02e0bf8bf06', 'staff', 'string', 0, NULL, NULL, NULL, 'admin', NULL, '2024-04-28 21:10:18.053', '2024-04-28 21:10:18.053');
INSERT INTO `act_hi_varinst` VALUES ('a8e7af7a-0560-11ef-b6ef-e02e0bf8bf06', '94cffae2-0552-11ef-a9e3-e02e0bf8bf06', '94cffae5-0552-11ef-a9e3-e02e0bf8bf06', 'a8e76151-0560-11ef-b6ef-e02e0bf8bf06', 'hr', 'string', 0, NULL, NULL, NULL, 'staff_9,staff_14,staff_18,staff_32,staff_31,admin,staff_3', NULL, '2024-04-28 21:10:18.053', '2024-04-28 21:10:18.053');
INSERT INTO `act_hi_varinst` VALUES ('a9255b09-0568-11ef-b6df-e02e0bf8bf06', 'a9242288-0568-11ef-b6df-e02e0bf8bf06', 'a9242288-0568-11ef-b6df-e02e0bf8bf06', NULL, 'staff', 'string', 1, NULL, NULL, NULL, 'staff_2', NULL, '2024-04-28 22:07:34.431', '2024-04-28 22:07:34.584');
INSERT INTO `act_hi_varinst` VALUES ('a92f1f0f-0568-11ef-b6df-e02e0bf8bf06', 'a9242288-0568-11ef-b6df-e02e0bf8bf06', 'a926456b-0568-11ef-b6df-e02e0bf8bf06', 'a92dbf7e-0568-11ef-b6df-e02e0bf8bf06', 'staff', 'string', 0, NULL, NULL, NULL, 'staff_2', NULL, '2024-04-28 22:07:34.495', '2024-04-28 22:07:34.495');
INSERT INTO `act_hi_varinst` VALUES ('a93c6582-0568-11ef-b6df-e02e0bf8bf06', 'a9242288-0568-11ef-b6df-e02e0bf8bf06', 'a9242288-0568-11ef-b6df-e02e0bf8bf06', NULL, 'hr', 'string', 0, NULL, NULL, NULL, 'staff_9,staff_14,staff_18,staff_32,staff_31,staff_3,admin', NULL, '2024-04-28 22:07:34.582', '2024-04-28 22:07:34.582');
INSERT INTO `act_hi_varinst` VALUES ('a93e1337-0568-11ef-b6df-e02e0bf8bf06', 'a9242288-0568-11ef-b6df-e02e0bf8bf06', 'a926456b-0568-11ef-b6df-e02e0bf8bf06', 'a93e1336-0568-11ef-b6df-e02e0bf8bf06', 'staff', 'string', 0, NULL, NULL, NULL, 'staff_2', NULL, '2024-04-28 22:07:34.594', '2024-04-28 22:07:34.594');
INSERT INTO `act_hi_varinst` VALUES ('a93e3a49-0568-11ef-b6df-e02e0bf8bf06', 'a9242288-0568-11ef-b6df-e02e0bf8bf06', 'a926456b-0568-11ef-b6df-e02e0bf8bf06', 'a93e1336-0568-11ef-b6df-e02e0bf8bf06', 'hr', 'string', 0, NULL, NULL, NULL, 'staff_9,staff_14,staff_18,staff_32,staff_31,staff_3,admin', NULL, '2024-04-28 22:07:34.594', '2024-04-28 22:07:34.594');
INSERT INTO `act_hi_varinst` VALUES ('aa3fbba9-055f-11ef-b6ef-e02e0bf8bf06', '94cffae2-0552-11ef-a9e3-e02e0bf8bf06', '94cffae5-0552-11ef-a9e3-e02e0bf8bf06', 'aa3f1f68-055f-11ef-b6ef-e02e0bf8bf06', 'managerAuditStatus', 'integer', 0, NULL, NULL, 2, '2', NULL, '2024-04-28 21:03:10.811', '2024-04-28 21:03:10.811');
INSERT INTO `act_hi_varinst` VALUES ('aa3fbbab-055f-11ef-b6ef-e02e0bf8bf06', '94cffae2-0552-11ef-a9e3-e02e0bf8bf06', '94cffae5-0552-11ef-a9e3-e02e0bf8bf06', 'aa3f1f68-055f-11ef-b6ef-e02e0bf8bf06', 'manager', 'string', 0, NULL, NULL, NULL, 'staff_29,staff_6,admin,staff_2', NULL, '2024-04-28 21:03:10.811', '2024-04-28 21:03:10.811');
INSERT INTO `act_hi_varinst` VALUES ('aa3fbbad-055f-11ef-b6ef-e02e0bf8bf06', '94cffae2-0552-11ef-a9e3-e02e0bf8bf06', '94cffae5-0552-11ef-a9e3-e02e0bf8bf06', 'aa3f1f68-055f-11ef-b6ef-e02e0bf8bf06', 'hrAuditStatus', 'integer', 0, NULL, NULL, 2, '2', NULL, '2024-04-28 21:03:10.811', '2024-04-28 21:03:10.811');
INSERT INTO `act_hi_varinst` VALUES ('aa3fbbaf-055f-11ef-b6ef-e02e0bf8bf06', '94cffae2-0552-11ef-a9e3-e02e0bf8bf06', '94cffae5-0552-11ef-a9e3-e02e0bf8bf06', 'aa3f1f68-055f-11ef-b6ef-e02e0bf8bf06', 'staff', 'string', 0, NULL, NULL, NULL, 'admin', NULL, '2024-04-28 21:03:10.811', '2024-04-28 21:03:10.811');
INSERT INTO `act_hi_varinst` VALUES ('aa3fe1c1-055f-11ef-b6ef-e02e0bf8bf06', '94cffae2-0552-11ef-a9e3-e02e0bf8bf06', '94cffae5-0552-11ef-a9e3-e02e0bf8bf06', 'aa3f1f68-055f-11ef-b6ef-e02e0bf8bf06', 'hr', 'string', 0, NULL, NULL, NULL, 'staff_9,staff_14,staff_18,staff_32,staff_31,admin,staff_3', NULL, '2024-04-28 21:03:10.812', '2024-04-28 21:03:10.812');
INSERT INTO `act_hi_varinst` VALUES ('aa97292c-056a-11ef-ae6d-e02e0bf8bf06', 'aa9665db-056a-11ef-ae6d-e02e0bf8bf06', 'aa9665db-056a-11ef-ae6d-e02e0bf8bf06', NULL, 'staff', 'string', 1, NULL, NULL, NULL, 'staff_5', NULL, '2024-04-28 22:21:55.848', '2024-04-28 22:21:55.964');
INSERT INTO `act_hi_varinst` VALUES ('aa9d1ca2-056a-11ef-ae6d-e02e0bf8bf06', 'aa9665db-056a-11ef-ae6d-e02e0bf8bf06', 'aa97ec7e-056a-11ef-ae6d-e02e0bf8bf06', 'aa9c8061-056a-11ef-ae6d-e02e0bf8bf06', 'staff', 'string', 0, NULL, NULL, NULL, 'staff_5', NULL, '2024-04-28 22:21:55.887', '2024-04-28 22:21:55.887');
INSERT INTO `act_hi_varinst` VALUES ('aaa84035-056a-11ef-ae6d-e02e0bf8bf06', 'aa9665db-056a-11ef-ae6d-e02e0bf8bf06', 'aa9665db-056a-11ef-ae6d-e02e0bf8bf06', NULL, 'hr', 'string', 0, NULL, NULL, NULL, 'staff_9,staff_14,staff_18,staff_32,staff_31,staff_3,admin', NULL, '2024-04-28 22:21:55.960', '2024-04-28 22:21:55.960');
INSERT INTO `act_hi_varinst` VALUES ('aaaa631a-056a-11ef-ae6d-e02e0bf8bf06', 'aa9665db-056a-11ef-ae6d-e02e0bf8bf06', 'aa97ec7e-056a-11ef-ae6d-e02e0bf8bf06', 'aaaa3c09-056a-11ef-ae6d-e02e0bf8bf06', 'staff', 'string', 0, NULL, NULL, NULL, 'staff_5', NULL, '2024-04-28 22:21:55.974', '2024-04-28 22:21:55.974');
INSERT INTO `act_hi_varinst` VALUES ('aaaa631c-056a-11ef-ae6d-e02e0bf8bf06', 'aa9665db-056a-11ef-ae6d-e02e0bf8bf06', 'aa97ec7e-056a-11ef-ae6d-e02e0bf8bf06', 'aaaa3c09-056a-11ef-ae6d-e02e0bf8bf06', 'hr', 'string', 0, NULL, NULL, NULL, 'staff_9,staff_14,staff_18,staff_32,staff_31,staff_3,admin', NULL, '2024-04-28 22:21:55.974', '2024-04-28 22:21:55.974');
INSERT INTO `act_hi_varinst` VALUES ('b83f81bf-0565-11ef-b6ef-e02e0bf8bf06', 'b83f81be-0565-11ef-b6ef-e02e0bf8bf06', 'b83f81be-0565-11ef-b6ef-e02e0bf8bf06', NULL, 'staff', 'string', 1, NULL, NULL, NULL, 'admin', NULL, '2024-04-28 21:46:31.278', '2024-04-28 21:46:31.326');
INSERT INTO `act_hi_varinst` VALUES ('b83fa8d5-0565-11ef-b6ef-e02e0bf8bf06', 'b83f81be-0565-11ef-b6ef-e02e0bf8bf06', 'b83f81c1-0565-11ef-b6ef-e02e0bf8bf06', 'b83f81c4-0565-11ef-b6ef-e02e0bf8bf06', 'staff', 'string', 0, NULL, NULL, NULL, 'admin', NULL, '2024-04-28 21:46:31.279', '2024-04-28 21:46:31.279');
INSERT INTO `act_hi_varinst` VALUES ('b845ea68-0565-11ef-b6ef-e02e0bf8bf06', 'b83f81be-0565-11ef-b6ef-e02e0bf8bf06', 'b83f81be-0565-11ef-b6ef-e02e0bf8bf06', NULL, 'hr', 'string', 0, NULL, NULL, NULL, 'staff_9,staff_14,staff_18,staff_32,staff_31,admin,staff_3', NULL, '2024-04-28 21:46:31.320', '2024-04-28 21:46:31.320');
INSERT INTO `act_hi_varinst` VALUES ('b847e63d-0565-11ef-b6ef-e02e0bf8bf06', 'b83f81be-0565-11ef-b6ef-e02e0bf8bf06', 'b83f81c1-0565-11ef-b6ef-e02e0bf8bf06', 'b847e63c-0565-11ef-b6ef-e02e0bf8bf06', 'staff', 'string', 0, NULL, NULL, NULL, 'admin', NULL, '2024-04-28 21:46:31.333', '2024-04-28 21:46:31.333');
INSERT INTO `act_hi_varinst` VALUES ('b847e63f-0565-11ef-b6ef-e02e0bf8bf06', 'b83f81be-0565-11ef-b6ef-e02e0bf8bf06', 'b83f81c1-0565-11ef-b6ef-e02e0bf8bf06', 'b847e63c-0565-11ef-b6ef-e02e0bf8bf06', 'hr', 'string', 0, NULL, NULL, NULL, 'staff_9,staff_14,staff_18,staff_32,staff_31,admin,staff_3', NULL, '2024-04-28 21:46:31.333', '2024-04-28 21:46:31.333');
INSERT INTO `act_hi_varinst` VALUES ('ba880a2a-0568-11ef-b6df-e02e0bf8bf06', 'ba87e319-0568-11ef-b6df-e02e0bf8bf06', 'ba87e319-0568-11ef-b6df-e02e0bf8bf06', NULL, 'staff', 'string', 3, NULL, NULL, NULL, 'staff_3', NULL, '2024-04-28 22:08:03.599', '2024-04-28 22:12:28.994');
INSERT INTO `act_hi_varinst` VALUES ('ba885850-0568-11ef-b6df-e02e0bf8bf06', 'ba87e319-0568-11ef-b6df-e02e0bf8bf06', 'ba880a2c-0568-11ef-b6df-e02e0bf8bf06', 'ba880a2f-0568-11ef-b6df-e02e0bf8bf06', 'staff', 'string', 0, NULL, NULL, NULL, 'staff_3', NULL, '2024-04-28 22:08:03.601', '2024-04-28 22:08:03.601');
INSERT INTO `act_hi_varinst` VALUES ('ba8fab53-0568-11ef-b6df-e02e0bf8bf06', 'ba87e319-0568-11ef-b6df-e02e0bf8bf06', 'ba87e319-0568-11ef-b6df-e02e0bf8bf06', NULL, 'hr', 'string', 2, NULL, NULL, NULL, 'staff_9,staff_14,staff_18,staff_32,staff_31,staff_3,admin', NULL, '2024-04-28 22:08:03.649', '2024-04-28 22:12:28.996');
INSERT INTO `act_hi_varinst` VALUES ('ba90bcc8-0568-11ef-b6df-e02e0bf8bf06', 'ba87e319-0568-11ef-b6df-e02e0bf8bf06', 'ba880a2c-0568-11ef-b6df-e02e0bf8bf06', 'ba90bcc7-0568-11ef-b6df-e02e0bf8bf06', 'staff', 'string', 0, NULL, NULL, NULL, 'staff_3', NULL, '2024-04-28 22:08:03.656', '2024-04-28 22:08:03.656');
INSERT INTO `act_hi_varinst` VALUES ('ba90bcca-0568-11ef-b6df-e02e0bf8bf06', 'ba87e319-0568-11ef-b6df-e02e0bf8bf06', 'ba880a2c-0568-11ef-b6df-e02e0bf8bf06', 'ba90bcc7-0568-11ef-b6df-e02e0bf8bf06', 'hr', 'string', 0, NULL, NULL, NULL, 'staff_9,staff_14,staff_18,staff_32,staff_31,staff_3,admin', NULL, '2024-04-28 22:08:03.656', '2024-04-28 22:08:03.656');
INSERT INTO `act_hi_varinst` VALUES ('db01792a-0564-11ef-b6ef-e02e0bf8bf06', '94cffae2-0552-11ef-a9e3-e02e0bf8bf06', '94cffae5-0552-11ef-a9e3-e02e0bf8bf06', 'db012b09-0564-11ef-b6ef-e02e0bf8bf06', 'managerAuditStatus', 'integer', 0, NULL, NULL, 2, '2', NULL, '2024-04-28 21:40:20.095', '2024-04-28 21:40:20.095');
INSERT INTO `act_hi_varinst` VALUES ('db01792c-0564-11ef-b6ef-e02e0bf8bf06', '94cffae2-0552-11ef-a9e3-e02e0bf8bf06', '94cffae5-0552-11ef-a9e3-e02e0bf8bf06', 'db012b09-0564-11ef-b6ef-e02e0bf8bf06', 'manager', 'string', 0, NULL, NULL, NULL, 'staff_29,staff_6,admin,staff_2', NULL, '2024-04-28 21:40:20.095', '2024-04-28 21:40:20.095');
INSERT INTO `act_hi_varinst` VALUES ('db01792e-0564-11ef-b6ef-e02e0bf8bf06', '94cffae2-0552-11ef-a9e3-e02e0bf8bf06', '94cffae5-0552-11ef-a9e3-e02e0bf8bf06', 'db012b09-0564-11ef-b6ef-e02e0bf8bf06', 'hrAuditStatus', 'integer', 0, NULL, NULL, 2, '2', NULL, '2024-04-28 21:40:20.095', '2024-04-28 21:40:20.095');
INSERT INTO `act_hi_varinst` VALUES ('db017930-0564-11ef-b6ef-e02e0bf8bf06', '94cffae2-0552-11ef-a9e3-e02e0bf8bf06', '94cffae5-0552-11ef-a9e3-e02e0bf8bf06', 'db012b09-0564-11ef-b6ef-e02e0bf8bf06', 'staff', 'string', 0, NULL, NULL, NULL, 'admin', NULL, '2024-04-28 21:40:20.095', '2024-04-28 21:40:20.095');
INSERT INTO `act_hi_varinst` VALUES ('db017932-0564-11ef-b6ef-e02e0bf8bf06', '94cffae2-0552-11ef-a9e3-e02e0bf8bf06', '94cffae5-0552-11ef-a9e3-e02e0bf8bf06', 'db012b09-0564-11ef-b6ef-e02e0bf8bf06', 'hr', 'string', 0, NULL, NULL, NULL, 'staff_9,staff_14,staff_18,staff_32,staff_31,admin,staff_3', NULL, '2024-04-28 21:40:20.095', '2024-04-28 21:40:20.095');

-- ----------------------------
-- Table structure for act_procdef_info
-- ----------------------------
DROP TABLE IF EXISTS `act_procdef_info`;
CREATE TABLE `act_procdef_info`  (
  `ID_` varchar(64) CHARACTER SET utf8mb3 COLLATE utf8mb3_bin NOT NULL,
  `PROC_DEF_ID_` varchar(64) CHARACTER SET utf8mb3 COLLATE utf8mb3_bin NOT NULL,
  `REV_` int NULL DEFAULT NULL,
  `INFO_JSON_ID_` varchar(64) CHARACTER SET utf8mb3 COLLATE utf8mb3_bin NULL DEFAULT NULL,
  PRIMARY KEY (`ID_`) USING BTREE,
  UNIQUE INDEX `ACT_UNIQ_INFO_PROCDEF`(`PROC_DEF_ID_`) USING BTREE,
  INDEX `ACT_IDX_INFO_PROCDEF`(`PROC_DEF_ID_`) USING BTREE,
  INDEX `ACT_FK_INFO_JSON_BA`(`INFO_JSON_ID_`) USING BTREE,
  CONSTRAINT `ACT_FK_INFO_JSON_BA` FOREIGN KEY (`INFO_JSON_ID_`) REFERENCES `act_ge_bytearray` (`ID_`) ON DELETE RESTRICT ON UPDATE RESTRICT,
  CONSTRAINT `ACT_FK_INFO_PROCDEF` FOREIGN KEY (`PROC_DEF_ID_`) REFERENCES `act_re_procdef` (`ID_`) ON DELETE RESTRICT ON UPDATE RESTRICT
) ENGINE = InnoDB CHARACTER SET = utf8mb3 COLLATE = utf8mb3_bin ROW_FORMAT = Dynamic;

-- ----------------------------
-- Records of act_procdef_info
-- ----------------------------

-- ----------------------------
-- Table structure for act_re_deployment
-- ----------------------------
DROP TABLE IF EXISTS `act_re_deployment`;
CREATE TABLE `act_re_deployment`  (
  `ID_` varchar(64) CHARACTER SET utf8mb3 COLLATE utf8mb3_bin NOT NULL,
  `NAME_` varchar(255) CHARACTER SET utf8mb3 COLLATE utf8mb3_bin NULL DEFAULT NULL,
  `CATEGORY_` varchar(255) CHARACTER SET utf8mb3 COLLATE utf8mb3_bin NULL DEFAULT NULL,
  `KEY_` varchar(255) CHARACTER SET utf8mb3 COLLATE utf8mb3_bin NULL DEFAULT NULL,
  `TENANT_ID_` varchar(255) CHARACTER SET utf8mb3 COLLATE utf8mb3_bin NULL DEFAULT '',
  `DEPLOY_TIME_` timestamp(3) NULL DEFAULT NULL,
  `ENGINE_VERSION_` varchar(255) CHARACTER SET utf8mb3 COLLATE utf8mb3_bin NULL DEFAULT NULL,
  PRIMARY KEY (`ID_`) USING BTREE
) ENGINE = InnoDB CHARACTER SET = utf8mb3 COLLATE = utf8mb3_bin ROW_FORMAT = Dynamic;

-- ----------------------------
-- Records of act_re_deployment
-- ----------------------------
INSERT INTO `act_re_deployment` VALUES ('99cad053-0551-11ef-9f76-e02e0bf8bf06', 'SpringAutoDeployment', NULL, NULL, '', '2024-04-28 19:22:30.240', NULL);

-- ----------------------------
-- Table structure for act_re_model
-- ----------------------------
DROP TABLE IF EXISTS `act_re_model`;
CREATE TABLE `act_re_model`  (
  `ID_` varchar(64) CHARACTER SET utf8mb3 COLLATE utf8mb3_bin NOT NULL,
  `REV_` int NULL DEFAULT NULL,
  `NAME_` varchar(255) CHARACTER SET utf8mb3 COLLATE utf8mb3_bin NULL DEFAULT NULL,
  `KEY_` varchar(255) CHARACTER SET utf8mb3 COLLATE utf8mb3_bin NULL DEFAULT NULL,
  `CATEGORY_` varchar(255) CHARACTER SET utf8mb3 COLLATE utf8mb3_bin NULL DEFAULT NULL,
  `CREATE_TIME_` timestamp(3) NULL DEFAULT NULL,
  `LAST_UPDATE_TIME_` timestamp(3) NULL DEFAULT NULL,
  `VERSION_` int NULL DEFAULT NULL,
  `META_INFO_` varchar(4000) CHARACTER SET utf8mb3 COLLATE utf8mb3_bin NULL DEFAULT NULL,
  `DEPLOYMENT_ID_` varchar(64) CHARACTER SET utf8mb3 COLLATE utf8mb3_bin NULL DEFAULT NULL,
  `EDITOR_SOURCE_VALUE_ID_` varchar(64) CHARACTER SET utf8mb3 COLLATE utf8mb3_bin NULL DEFAULT NULL,
  `EDITOR_SOURCE_EXTRA_VALUE_ID_` varchar(64) CHARACTER SET utf8mb3 COLLATE utf8mb3_bin NULL DEFAULT NULL,
  `TENANT_ID_` varchar(255) CHARACTER SET utf8mb3 COLLATE utf8mb3_bin NULL DEFAULT '',
  PRIMARY KEY (`ID_`) USING BTREE,
  INDEX `ACT_FK_MODEL_SOURCE`(`EDITOR_SOURCE_VALUE_ID_`) USING BTREE,
  INDEX `ACT_FK_MODEL_SOURCE_EXTRA`(`EDITOR_SOURCE_EXTRA_VALUE_ID_`) USING BTREE,
  INDEX `ACT_FK_MODEL_DEPLOYMENT`(`DEPLOYMENT_ID_`) USING BTREE,
  CONSTRAINT `ACT_FK_MODEL_DEPLOYMENT` FOREIGN KEY (`DEPLOYMENT_ID_`) REFERENCES `act_re_deployment` (`ID_`) ON DELETE RESTRICT ON UPDATE RESTRICT,
  CONSTRAINT `ACT_FK_MODEL_SOURCE` FOREIGN KEY (`EDITOR_SOURCE_VALUE_ID_`) REFERENCES `act_ge_bytearray` (`ID_`) ON DELETE RESTRICT ON UPDATE RESTRICT,
  CONSTRAINT `ACT_FK_MODEL_SOURCE_EXTRA` FOREIGN KEY (`EDITOR_SOURCE_EXTRA_VALUE_ID_`) REFERENCES `act_ge_bytearray` (`ID_`) ON DELETE RESTRICT ON UPDATE RESTRICT
) ENGINE = InnoDB CHARACTER SET = utf8mb3 COLLATE = utf8mb3_bin ROW_FORMAT = Dynamic;

-- ----------------------------
-- Records of act_re_model
-- ----------------------------

-- ----------------------------
-- Table structure for act_re_procdef
-- ----------------------------
DROP TABLE IF EXISTS `act_re_procdef`;
CREATE TABLE `act_re_procdef`  (
  `ID_` varchar(64) CHARACTER SET utf8mb3 COLLATE utf8mb3_bin NOT NULL,
  `REV_` int NULL DEFAULT NULL,
  `CATEGORY_` varchar(255) CHARACTER SET utf8mb3 COLLATE utf8mb3_bin NULL DEFAULT NULL,
  `NAME_` varchar(255) CHARACTER SET utf8mb3 COLLATE utf8mb3_bin NULL DEFAULT NULL,
  `KEY_` varchar(255) CHARACTER SET utf8mb3 COLLATE utf8mb3_bin NOT NULL,
  `VERSION_` int NOT NULL,
  `DEPLOYMENT_ID_` varchar(64) CHARACTER SET utf8mb3 COLLATE utf8mb3_bin NULL DEFAULT NULL,
  `RESOURCE_NAME_` varchar(4000) CHARACTER SET utf8mb3 COLLATE utf8mb3_bin NULL DEFAULT NULL,
  `DGRM_RESOURCE_NAME_` varchar(4000) CHARACTER SET utf8mb3 COLLATE utf8mb3_bin NULL DEFAULT NULL,
  `DESCRIPTION_` varchar(4000) CHARACTER SET utf8mb3 COLLATE utf8mb3_bin NULL DEFAULT NULL,
  `HAS_START_FORM_KEY_` tinyint NULL DEFAULT NULL,
  `HAS_GRAPHICAL_NOTATION_` tinyint NULL DEFAULT NULL,
  `SUSPENSION_STATE_` int NULL DEFAULT NULL,
  `TENANT_ID_` varchar(255) CHARACTER SET utf8mb3 COLLATE utf8mb3_bin NULL DEFAULT '',
  `ENGINE_VERSION_` varchar(255) CHARACTER SET utf8mb3 COLLATE utf8mb3_bin NULL DEFAULT NULL,
  PRIMARY KEY (`ID_`) USING BTREE,
  UNIQUE INDEX `ACT_UNIQ_PROCDEF`(`KEY_`, `VERSION_`, `TENANT_ID_`) USING BTREE
) ENGINE = InnoDB CHARACTER SET = utf8mb3 COLLATE = utf8mb3_bin ROW_FORMAT = Dynamic;

-- ----------------------------
-- Records of act_re_procdef
-- ----------------------------
INSERT INTO `act_re_procdef` VALUES ('leave:1:99ef2135-0551-11ef-9f76-e02e0bf8bf06', 1, 'http://www.activiti.org/processdef', '请假流程', 'leave', 1, '99cad053-0551-11ef-9f76-e02e0bf8bf06', 'D:\\project\\idea\\hrm\\hrm\\target\\classes\\processes\\leave.bpmn20.xml', NULL, NULL, 0, 1, 1, '', NULL);

-- ----------------------------
-- Table structure for act_ru_deadletter_job
-- ----------------------------
DROP TABLE IF EXISTS `act_ru_deadletter_job`;
CREATE TABLE `act_ru_deadletter_job`  (
  `ID_` varchar(64) CHARACTER SET utf8mb3 COLLATE utf8mb3_bin NOT NULL,
  `REV_` int NULL DEFAULT NULL,
  `TYPE_` varchar(255) CHARACTER SET utf8mb3 COLLATE utf8mb3_bin NOT NULL,
  `EXCLUSIVE_` tinyint(1) NULL DEFAULT NULL,
  `EXECUTION_ID_` varchar(64) CHARACTER SET utf8mb3 COLLATE utf8mb3_bin NULL DEFAULT NULL,
  `PROCESS_INSTANCE_ID_` varchar(64) CHARACTER SET utf8mb3 COLLATE utf8mb3_bin NULL DEFAULT NULL,
  `PROC_DEF_ID_` varchar(64) CHARACTER SET utf8mb3 COLLATE utf8mb3_bin NULL DEFAULT NULL,
  `EXCEPTION_STACK_ID_` varchar(64) CHARACTER SET utf8mb3 COLLATE utf8mb3_bin NULL DEFAULT NULL,
  `EXCEPTION_MSG_` varchar(4000) CHARACTER SET utf8mb3 COLLATE utf8mb3_bin NULL DEFAULT NULL,
  `DUEDATE_` timestamp(3) NULL DEFAULT NULL,
  `REPEAT_` varchar(255) CHARACTER SET utf8mb3 COLLATE utf8mb3_bin NULL DEFAULT NULL,
  `HANDLER_TYPE_` varchar(255) CHARACTER SET utf8mb3 COLLATE utf8mb3_bin NULL DEFAULT NULL,
  `HANDLER_CFG_` varchar(4000) CHARACTER SET utf8mb3 COLLATE utf8mb3_bin NULL DEFAULT NULL,
  `TENANT_ID_` varchar(255) CHARACTER SET utf8mb3 COLLATE utf8mb3_bin NULL DEFAULT '',
  PRIMARY KEY (`ID_`) USING BTREE,
  INDEX `ACT_FK_DEADLETTER_JOB_EXECUTION`(`EXECUTION_ID_`) USING BTREE,
  INDEX `ACT_FK_DEADLETTER_JOB_PROCESS_INSTANCE`(`PROCESS_INSTANCE_ID_`) USING BTREE,
  INDEX `ACT_FK_DEADLETTER_JOB_PROC_DEF`(`PROC_DEF_ID_`) USING BTREE,
  INDEX `ACT_FK_DEADLETTER_JOB_EXCEPTION`(`EXCEPTION_STACK_ID_`) USING BTREE,
  CONSTRAINT `ACT_FK_DEADLETTER_JOB_EXCEPTION` FOREIGN KEY (`EXCEPTION_STACK_ID_`) REFERENCES `act_ge_bytearray` (`ID_`) ON DELETE RESTRICT ON UPDATE RESTRICT,
  CONSTRAINT `ACT_FK_DEADLETTER_JOB_EXECUTION` FOREIGN KEY (`EXECUTION_ID_`) REFERENCES `act_ru_execution` (`ID_`) ON DELETE RESTRICT ON UPDATE RESTRICT,
  CONSTRAINT `ACT_FK_DEADLETTER_JOB_PROC_DEF` FOREIGN KEY (`PROC_DEF_ID_`) REFERENCES `act_re_procdef` (`ID_`) ON DELETE RESTRICT ON UPDATE RESTRICT,
  CONSTRAINT `ACT_FK_DEADLETTER_JOB_PROCESS_INSTANCE` FOREIGN KEY (`PROCESS_INSTANCE_ID_`) REFERENCES `act_ru_execution` (`ID_`) ON DELETE RESTRICT ON UPDATE RESTRICT
) ENGINE = InnoDB CHARACTER SET = utf8mb3 COLLATE = utf8mb3_bin ROW_FORMAT = Dynamic;

-- ----------------------------
-- Records of act_ru_deadletter_job
-- ----------------------------

-- ----------------------------
-- Table structure for act_ru_event_subscr
-- ----------------------------
DROP TABLE IF EXISTS `act_ru_event_subscr`;
CREATE TABLE `act_ru_event_subscr`  (
  `ID_` varchar(64) CHARACTER SET utf8mb3 COLLATE utf8mb3_bin NOT NULL,
  `REV_` int NULL DEFAULT NULL,
  `EVENT_TYPE_` varchar(255) CHARACTER SET utf8mb3 COLLATE utf8mb3_bin NOT NULL,
  `EVENT_NAME_` varchar(255) CHARACTER SET utf8mb3 COLLATE utf8mb3_bin NULL DEFAULT NULL,
  `EXECUTION_ID_` varchar(64) CHARACTER SET utf8mb3 COLLATE utf8mb3_bin NULL DEFAULT NULL,
  `PROC_INST_ID_` varchar(64) CHARACTER SET utf8mb3 COLLATE utf8mb3_bin NULL DEFAULT NULL,
  `ACTIVITY_ID_` varchar(64) CHARACTER SET utf8mb3 COLLATE utf8mb3_bin NULL DEFAULT NULL,
  `CONFIGURATION_` varchar(255) CHARACTER SET utf8mb3 COLLATE utf8mb3_bin NULL DEFAULT NULL,
  `CREATED_` timestamp(3) NOT NULL DEFAULT CURRENT_TIMESTAMP(3),
  `PROC_DEF_ID_` varchar(64) CHARACTER SET utf8mb3 COLLATE utf8mb3_bin NULL DEFAULT NULL,
  `TENANT_ID_` varchar(255) CHARACTER SET utf8mb3 COLLATE utf8mb3_bin NULL DEFAULT '',
  PRIMARY KEY (`ID_`) USING BTREE,
  INDEX `ACT_IDX_EVENT_SUBSCR_CONFIG_`(`CONFIGURATION_`) USING BTREE,
  INDEX `ACT_FK_EVENT_EXEC`(`EXECUTION_ID_`) USING BTREE,
  CONSTRAINT `ACT_FK_EVENT_EXEC` FOREIGN KEY (`EXECUTION_ID_`) REFERENCES `act_ru_execution` (`ID_`) ON DELETE RESTRICT ON UPDATE RESTRICT
) ENGINE = InnoDB CHARACTER SET = utf8mb3 COLLATE = utf8mb3_bin ROW_FORMAT = Dynamic;

-- ----------------------------
-- Records of act_ru_event_subscr
-- ----------------------------

-- ----------------------------
-- Table structure for act_ru_execution
-- ----------------------------
DROP TABLE IF EXISTS `act_ru_execution`;
CREATE TABLE `act_ru_execution`  (
  `ID_` varchar(64) CHARACTER SET utf8mb3 COLLATE utf8mb3_bin NOT NULL,
  `REV_` int NULL DEFAULT NULL,
  `PROC_INST_ID_` varchar(64) CHARACTER SET utf8mb3 COLLATE utf8mb3_bin NULL DEFAULT NULL,
  `BUSINESS_KEY_` varchar(255) CHARACTER SET utf8mb3 COLLATE utf8mb3_bin NULL DEFAULT NULL,
  `PARENT_ID_` varchar(64) CHARACTER SET utf8mb3 COLLATE utf8mb3_bin NULL DEFAULT NULL,
  `PROC_DEF_ID_` varchar(64) CHARACTER SET utf8mb3 COLLATE utf8mb3_bin NULL DEFAULT NULL,
  `SUPER_EXEC_` varchar(64) CHARACTER SET utf8mb3 COLLATE utf8mb3_bin NULL DEFAULT NULL,
  `ROOT_PROC_INST_ID_` varchar(64) CHARACTER SET utf8mb3 COLLATE utf8mb3_bin NULL DEFAULT NULL,
  `ACT_ID_` varchar(255) CHARACTER SET utf8mb3 COLLATE utf8mb3_bin NULL DEFAULT NULL,
  `IS_ACTIVE_` tinyint NULL DEFAULT NULL,
  `IS_CONCURRENT_` tinyint NULL DEFAULT NULL,
  `IS_SCOPE_` tinyint NULL DEFAULT NULL,
  `IS_EVENT_SCOPE_` tinyint NULL DEFAULT NULL,
  `IS_MI_ROOT_` tinyint NULL DEFAULT NULL,
  `SUSPENSION_STATE_` int NULL DEFAULT NULL,
  `CACHED_ENT_STATE_` int NULL DEFAULT NULL,
  `TENANT_ID_` varchar(255) CHARACTER SET utf8mb3 COLLATE utf8mb3_bin NULL DEFAULT '',
  `NAME_` varchar(255) CHARACTER SET utf8mb3 COLLATE utf8mb3_bin NULL DEFAULT NULL,
  `START_TIME_` datetime(3) NULL DEFAULT NULL,
  `START_USER_ID_` varchar(255) CHARACTER SET utf8mb3 COLLATE utf8mb3_bin NULL DEFAULT NULL,
  `LOCK_TIME_` timestamp(3) NULL DEFAULT NULL,
  `IS_COUNT_ENABLED_` tinyint NULL DEFAULT NULL,
  `EVT_SUBSCR_COUNT_` int NULL DEFAULT NULL,
  `TASK_COUNT_` int NULL DEFAULT NULL,
  `JOB_COUNT_` int NULL DEFAULT NULL,
  `TIMER_JOB_COUNT_` int NULL DEFAULT NULL,
  `SUSP_JOB_COUNT_` int NULL DEFAULT NULL,
  `DEADLETTER_JOB_COUNT_` int NULL DEFAULT NULL,
  `VAR_COUNT_` int NULL DEFAULT NULL,
  `ID_LINK_COUNT_` int NULL DEFAULT NULL,
  PRIMARY KEY (`ID_`) USING BTREE,
  INDEX `ACT_IDX_EXEC_BUSKEY`(`BUSINESS_KEY_`) USING BTREE,
  INDEX `ACT_IDC_EXEC_ROOT`(`ROOT_PROC_INST_ID_`) USING BTREE,
  INDEX `ACT_FK_EXE_PROCINST`(`PROC_INST_ID_`) USING BTREE,
  INDEX `ACT_FK_EXE_PARENT`(`PARENT_ID_`) USING BTREE,
  INDEX `ACT_FK_EXE_SUPER`(`SUPER_EXEC_`) USING BTREE,
  INDEX `ACT_FK_EXE_PROCDEF`(`PROC_DEF_ID_`) USING BTREE,
  CONSTRAINT `ACT_FK_EXE_PARENT` FOREIGN KEY (`PARENT_ID_`) REFERENCES `act_ru_execution` (`ID_`) ON DELETE CASCADE ON UPDATE RESTRICT,
  CONSTRAINT `ACT_FK_EXE_PROCDEF` FOREIGN KEY (`PROC_DEF_ID_`) REFERENCES `act_re_procdef` (`ID_`) ON DELETE RESTRICT ON UPDATE RESTRICT,
  CONSTRAINT `ACT_FK_EXE_PROCINST` FOREIGN KEY (`PROC_INST_ID_`) REFERENCES `act_ru_execution` (`ID_`) ON DELETE CASCADE ON UPDATE CASCADE,
  CONSTRAINT `ACT_FK_EXE_SUPER` FOREIGN KEY (`SUPER_EXEC_`) REFERENCES `act_ru_execution` (`ID_`) ON DELETE CASCADE ON UPDATE RESTRICT
) ENGINE = InnoDB CHARACTER SET = utf8mb3 COLLATE = utf8mb3_bin ROW_FORMAT = Dynamic;

-- ----------------------------
-- Records of act_ru_execution
-- ----------------------------
INSERT INTO `act_ru_execution` VALUES ('a9242288-0568-11ef-b6df-e02e0bf8bf06', 1, 'a9242288-0568-11ef-b6df-e02e0bf8bf06', '72', NULL, 'leave:1:99ef2135-0551-11ef-9f76-e02e0bf8bf06', NULL, 'a9242288-0568-11ef-b6df-e02e0bf8bf06', NULL, 1, 0, 1, 0, 0, 1, NULL, '', NULL, '2024-04-28 22:07:34.423', NULL, NULL, 0, 0, 0, 0, 0, 0, 0, 0, 0);
INSERT INTO `act_ru_execution` VALUES ('a926456b-0568-11ef-b6df-e02e0bf8bf06', 2, 'a9242288-0568-11ef-b6df-e02e0bf8bf06', NULL, 'a9242288-0568-11ef-b6df-e02e0bf8bf06', 'leave:1:99ef2135-0551-11ef-9f76-e02e0bf8bf06', NULL, 'a9242288-0568-11ef-b6df-e02e0bf8bf06', 'hr_audit', 1, 0, 0, 0, 0, 1, NULL, '', NULL, '2024-04-28 22:07:34.437', NULL, NULL, 0, 0, 0, 0, 0, 0, 0, 0, 0);
INSERT INTO `act_ru_execution` VALUES ('aa9665db-056a-11ef-ae6d-e02e0bf8bf06', 1, 'aa9665db-056a-11ef-ae6d-e02e0bf8bf06', '74', NULL, 'leave:1:99ef2135-0551-11ef-9f76-e02e0bf8bf06', NULL, 'aa9665db-056a-11ef-ae6d-e02e0bf8bf06', NULL, 1, 0, 1, 0, 0, 1, NULL, '', NULL, '2024-04-28 22:21:55.843', NULL, NULL, 0, 0, 0, 0, 0, 0, 0, 0, 0);
INSERT INTO `act_ru_execution` VALUES ('aa97ec7e-056a-11ef-ae6d-e02e0bf8bf06', 2, 'aa9665db-056a-11ef-ae6d-e02e0bf8bf06', NULL, 'aa9665db-056a-11ef-ae6d-e02e0bf8bf06', 'leave:1:99ef2135-0551-11ef-9f76-e02e0bf8bf06', NULL, 'aa9665db-056a-11ef-ae6d-e02e0bf8bf06', 'hr_audit', 1, 0, 0, 0, 0, 1, NULL, '', NULL, '2024-04-28 22:21:55.853', NULL, NULL, 0, 0, 0, 0, 0, 0, 0, 0, 0);
INSERT INTO `act_ru_execution` VALUES ('b83f81be-0565-11ef-b6ef-e02e0bf8bf06', 1, 'b83f81be-0565-11ef-b6ef-e02e0bf8bf06', '71', NULL, 'leave:1:99ef2135-0551-11ef-9f76-e02e0bf8bf06', NULL, 'b83f81be-0565-11ef-b6ef-e02e0bf8bf06', NULL, 1, 0, 1, 0, 0, 1, NULL, '', NULL, '2024-04-28 21:46:31.278', NULL, NULL, 0, 0, 0, 0, 0, 0, 0, 0, 0);
INSERT INTO `act_ru_execution` VALUES ('b83f81c1-0565-11ef-b6ef-e02e0bf8bf06', 2, 'b83f81be-0565-11ef-b6ef-e02e0bf8bf06', NULL, 'b83f81be-0565-11ef-b6ef-e02e0bf8bf06', 'leave:1:99ef2135-0551-11ef-9f76-e02e0bf8bf06', NULL, 'b83f81be-0565-11ef-b6ef-e02e0bf8bf06', 'hr_audit', 1, 0, 0, 0, 0, 1, NULL, '', NULL, '2024-04-28 21:46:31.278', NULL, NULL, 0, 0, 0, 0, 0, 0, 0, 0, 0);

-- ----------------------------
-- Table structure for act_ru_identitylink
-- ----------------------------
DROP TABLE IF EXISTS `act_ru_identitylink`;
CREATE TABLE `act_ru_identitylink`  (
  `ID_` varchar(64) CHARACTER SET utf8mb3 COLLATE utf8mb3_bin NOT NULL,
  `REV_` int NULL DEFAULT NULL,
  `GROUP_ID_` varchar(255) CHARACTER SET utf8mb3 COLLATE utf8mb3_bin NULL DEFAULT NULL,
  `TYPE_` varchar(255) CHARACTER SET utf8mb3 COLLATE utf8mb3_bin NULL DEFAULT NULL,
  `USER_ID_` varchar(255) CHARACTER SET utf8mb3 COLLATE utf8mb3_bin NULL DEFAULT NULL,
  `TASK_ID_` varchar(64) CHARACTER SET utf8mb3 COLLATE utf8mb3_bin NULL DEFAULT NULL,
  `PROC_INST_ID_` varchar(64) CHARACTER SET utf8mb3 COLLATE utf8mb3_bin NULL DEFAULT NULL,
  `PROC_DEF_ID_` varchar(64) CHARACTER SET utf8mb3 COLLATE utf8mb3_bin NULL DEFAULT NULL,
  PRIMARY KEY (`ID_`) USING BTREE,
  INDEX `ACT_IDX_IDENT_LNK_USER`(`USER_ID_`) USING BTREE,
  INDEX `ACT_IDX_IDENT_LNK_GROUP`(`GROUP_ID_`) USING BTREE,
  INDEX `ACT_IDX_ATHRZ_PROCEDEF`(`PROC_DEF_ID_`) USING BTREE,
  INDEX `ACT_FK_TSKASS_TASK`(`TASK_ID_`) USING BTREE,
  INDEX `ACT_FK_IDL_PROCINST`(`PROC_INST_ID_`) USING BTREE,
  CONSTRAINT `ACT_FK_ATHRZ_PROCEDEF` FOREIGN KEY (`PROC_DEF_ID_`) REFERENCES `act_re_procdef` (`ID_`) ON DELETE RESTRICT ON UPDATE RESTRICT,
  CONSTRAINT `ACT_FK_IDL_PROCINST` FOREIGN KEY (`PROC_INST_ID_`) REFERENCES `act_ru_execution` (`ID_`) ON DELETE RESTRICT ON UPDATE RESTRICT,
  CONSTRAINT `ACT_FK_TSKASS_TASK` FOREIGN KEY (`TASK_ID_`) REFERENCES `act_ru_task` (`ID_`) ON DELETE RESTRICT ON UPDATE RESTRICT
) ENGINE = InnoDB CHARACTER SET = utf8mb3 COLLATE = utf8mb3_bin ROW_FORMAT = Dynamic;

-- ----------------------------
-- Records of act_ru_identitylink
-- ----------------------------
INSERT INTO `act_ru_identitylink` VALUES ('a92f9441-0568-11ef-b6df-e02e0bf8bf06', 1, NULL, 'participant', 'staff_2', NULL, 'a9242288-0568-11ef-b6df-e02e0bf8bf06', NULL);
INSERT INTO `act_ru_identitylink` VALUES ('a93e3a4b-0568-11ef-b6df-e02e0bf8bf06', 1, NULL, 'candidate', 'staff_9', 'a93e1336-0568-11ef-b6df-e02e0bf8bf06', NULL, NULL);
INSERT INTO `act_ru_identitylink` VALUES ('a93eaf7c-0568-11ef-b6df-e02e0bf8bf06', 1, NULL, 'participant', 'staff_9', NULL, 'a9242288-0568-11ef-b6df-e02e0bf8bf06', NULL);
INSERT INTO `act_ru_identitylink` VALUES ('a93eaf7d-0568-11ef-b6df-e02e0bf8bf06', 1, NULL, 'candidate', 'staff_14', 'a93e1336-0568-11ef-b6df-e02e0bf8bf06', NULL, NULL);
INSERT INTO `act_ru_identitylink` VALUES ('a93eaf7e-0568-11ef-b6df-e02e0bf8bf06', 1, NULL, 'participant', 'staff_14', NULL, 'a9242288-0568-11ef-b6df-e02e0bf8bf06', NULL);
INSERT INTO `act_ru_identitylink` VALUES ('a93eaf7f-0568-11ef-b6df-e02e0bf8bf06', 1, NULL, 'candidate', 'staff_18', 'a93e1336-0568-11ef-b6df-e02e0bf8bf06', NULL, NULL);
INSERT INTO `act_ru_identitylink` VALUES ('a93eaf80-0568-11ef-b6df-e02e0bf8bf06', 1, NULL, 'participant', 'staff_18', NULL, 'a9242288-0568-11ef-b6df-e02e0bf8bf06', NULL);
INSERT INTO `act_ru_identitylink` VALUES ('a93eaf81-0568-11ef-b6df-e02e0bf8bf06', 1, NULL, 'candidate', 'staff_32', 'a93e1336-0568-11ef-b6df-e02e0bf8bf06', NULL, NULL);
INSERT INTO `act_ru_identitylink` VALUES ('a93ed692-0568-11ef-b6df-e02e0bf8bf06', 1, NULL, 'participant', 'staff_32', NULL, 'a9242288-0568-11ef-b6df-e02e0bf8bf06', NULL);
INSERT INTO `act_ru_identitylink` VALUES ('a93ed693-0568-11ef-b6df-e02e0bf8bf06', 1, NULL, 'candidate', 'staff_31', 'a93e1336-0568-11ef-b6df-e02e0bf8bf06', NULL, NULL);
INSERT INTO `act_ru_identitylink` VALUES ('a93ed694-0568-11ef-b6df-e02e0bf8bf06', 1, NULL, 'participant', 'staff_31', NULL, 'a9242288-0568-11ef-b6df-e02e0bf8bf06', NULL);
INSERT INTO `act_ru_identitylink` VALUES ('a93ed695-0568-11ef-b6df-e02e0bf8bf06', 1, NULL, 'candidate', 'staff_3', 'a93e1336-0568-11ef-b6df-e02e0bf8bf06', NULL, NULL);
INSERT INTO `act_ru_identitylink` VALUES ('a93ed696-0568-11ef-b6df-e02e0bf8bf06', 1, NULL, 'participant', 'staff_3', NULL, 'a9242288-0568-11ef-b6df-e02e0bf8bf06', NULL);
INSERT INTO `act_ru_identitylink` VALUES ('a93ed697-0568-11ef-b6df-e02e0bf8bf06', 1, NULL, 'candidate', 'admin', 'a93e1336-0568-11ef-b6df-e02e0bf8bf06', NULL, NULL);
INSERT INTO `act_ru_identitylink` VALUES ('a93ed698-0568-11ef-b6df-e02e0bf8bf06', 1, NULL, 'participant', 'admin', NULL, 'a9242288-0568-11ef-b6df-e02e0bf8bf06', NULL);
INSERT INTO `act_ru_identitylink` VALUES ('aa9d6ac4-056a-11ef-ae6d-e02e0bf8bf06', 1, NULL, 'participant', 'staff_5', NULL, 'aa9665db-056a-11ef-ae6d-e02e0bf8bf06', NULL);
INSERT INTO `act_ru_identitylink` VALUES ('aaaa8a2e-056a-11ef-ae6d-e02e0bf8bf06', 1, NULL, 'candidate', 'staff_9', 'aaaa3c09-056a-11ef-ae6d-e02e0bf8bf06', NULL, NULL);
INSERT INTO `act_ru_identitylink` VALUES ('aaaab13f-056a-11ef-ae6d-e02e0bf8bf06', 1, NULL, 'participant', 'staff_9', NULL, 'aa9665db-056a-11ef-ae6d-e02e0bf8bf06', NULL);
INSERT INTO `act_ru_identitylink` VALUES ('aaaab140-056a-11ef-ae6d-e02e0bf8bf06', 1, NULL, 'candidate', 'staff_14', 'aaaa3c09-056a-11ef-ae6d-e02e0bf8bf06', NULL, NULL);
INSERT INTO `act_ru_identitylink` VALUES ('aaaab141-056a-11ef-ae6d-e02e0bf8bf06', 1, NULL, 'participant', 'staff_14', NULL, 'aa9665db-056a-11ef-ae6d-e02e0bf8bf06', NULL);
INSERT INTO `act_ru_identitylink` VALUES ('aaaab142-056a-11ef-ae6d-e02e0bf8bf06', 1, NULL, 'candidate', 'staff_18', 'aaaa3c09-056a-11ef-ae6d-e02e0bf8bf06', NULL, NULL);
INSERT INTO `act_ru_identitylink` VALUES ('aaaad853-056a-11ef-ae6d-e02e0bf8bf06', 1, NULL, 'participant', 'staff_18', NULL, 'aa9665db-056a-11ef-ae6d-e02e0bf8bf06', NULL);
INSERT INTO `act_ru_identitylink` VALUES ('aaaad854-056a-11ef-ae6d-e02e0bf8bf06', 1, NULL, 'candidate', 'staff_32', 'aaaa3c09-056a-11ef-ae6d-e02e0bf8bf06', NULL, NULL);
INSERT INTO `act_ru_identitylink` VALUES ('aaaad855-056a-11ef-ae6d-e02e0bf8bf06', 1, NULL, 'participant', 'staff_32', NULL, 'aa9665db-056a-11ef-ae6d-e02e0bf8bf06', NULL);
INSERT INTO `act_ru_identitylink` VALUES ('aaaad856-056a-11ef-ae6d-e02e0bf8bf06', 1, NULL, 'candidate', 'staff_31', 'aaaa3c09-056a-11ef-ae6d-e02e0bf8bf06', NULL, NULL);
INSERT INTO `act_ru_identitylink` VALUES ('aaaad857-056a-11ef-ae6d-e02e0bf8bf06', 1, NULL, 'participant', 'staff_31', NULL, 'aa9665db-056a-11ef-ae6d-e02e0bf8bf06', NULL);
INSERT INTO `act_ru_identitylink` VALUES ('aaaad858-056a-11ef-ae6d-e02e0bf8bf06', 1, NULL, 'candidate', 'staff_3', 'aaaa3c09-056a-11ef-ae6d-e02e0bf8bf06', NULL, NULL);
INSERT INTO `act_ru_identitylink` VALUES ('aaaad859-056a-11ef-ae6d-e02e0bf8bf06', 1, NULL, 'participant', 'staff_3', NULL, 'aa9665db-056a-11ef-ae6d-e02e0bf8bf06', NULL);
INSERT INTO `act_ru_identitylink` VALUES ('aaaad85a-056a-11ef-ae6d-e02e0bf8bf06', 1, NULL, 'candidate', 'admin', 'aaaa3c09-056a-11ef-ae6d-e02e0bf8bf06', NULL, NULL);
INSERT INTO `act_ru_identitylink` VALUES ('aaaad85b-056a-11ef-ae6d-e02e0bf8bf06', 1, NULL, 'participant', 'admin', NULL, 'aa9665db-056a-11ef-ae6d-e02e0bf8bf06', NULL);
INSERT INTO `act_ru_identitylink` VALUES ('b83fa8d7-0565-11ef-b6ef-e02e0bf8bf06', 1, NULL, 'participant', 'admin', NULL, 'b83f81be-0565-11ef-b6ef-e02e0bf8bf06', NULL);
INSERT INTO `act_ru_identitylink` VALUES ('b8480d51-0565-11ef-b6ef-e02e0bf8bf06', 1, NULL, 'candidate', 'staff_9', 'b847e63c-0565-11ef-b6ef-e02e0bf8bf06', NULL, NULL);
INSERT INTO `act_ru_identitylink` VALUES ('b8483462-0565-11ef-b6ef-e02e0bf8bf06', 1, NULL, 'participant', 'staff_9', NULL, 'b83f81be-0565-11ef-b6ef-e02e0bf8bf06', NULL);
INSERT INTO `act_ru_identitylink` VALUES ('b8483463-0565-11ef-b6ef-e02e0bf8bf06', 1, NULL, 'candidate', 'staff_14', 'b847e63c-0565-11ef-b6ef-e02e0bf8bf06', NULL, NULL);
INSERT INTO `act_ru_identitylink` VALUES ('b8483464-0565-11ef-b6ef-e02e0bf8bf06', 1, NULL, 'participant', 'staff_14', NULL, 'b83f81be-0565-11ef-b6ef-e02e0bf8bf06', NULL);
INSERT INTO `act_ru_identitylink` VALUES ('b8483465-0565-11ef-b6ef-e02e0bf8bf06', 1, NULL, 'candidate', 'staff_18', 'b847e63c-0565-11ef-b6ef-e02e0bf8bf06', NULL, NULL);
INSERT INTO `act_ru_identitylink` VALUES ('b8483466-0565-11ef-b6ef-e02e0bf8bf06', 1, NULL, 'participant', 'staff_18', NULL, 'b83f81be-0565-11ef-b6ef-e02e0bf8bf06', NULL);
INSERT INTO `act_ru_identitylink` VALUES ('b8483467-0565-11ef-b6ef-e02e0bf8bf06', 1, NULL, 'candidate', 'staff_32', 'b847e63c-0565-11ef-b6ef-e02e0bf8bf06', NULL, NULL);
INSERT INTO `act_ru_identitylink` VALUES ('b8483468-0565-11ef-b6ef-e02e0bf8bf06', 1, NULL, 'participant', 'staff_32', NULL, 'b83f81be-0565-11ef-b6ef-e02e0bf8bf06', NULL);
INSERT INTO `act_ru_identitylink` VALUES ('b8483469-0565-11ef-b6ef-e02e0bf8bf06', 1, NULL, 'candidate', 'staff_31', 'b847e63c-0565-11ef-b6ef-e02e0bf8bf06', NULL, NULL);
INSERT INTO `act_ru_identitylink` VALUES ('b848346a-0565-11ef-b6ef-e02e0bf8bf06', 1, NULL, 'participant', 'staff_31', NULL, 'b83f81be-0565-11ef-b6ef-e02e0bf8bf06', NULL);
INSERT INTO `act_ru_identitylink` VALUES ('b848346b-0565-11ef-b6ef-e02e0bf8bf06', 1, NULL, 'candidate', 'admin', 'b847e63c-0565-11ef-b6ef-e02e0bf8bf06', NULL, NULL);
INSERT INTO `act_ru_identitylink` VALUES ('b848346c-0565-11ef-b6ef-e02e0bf8bf06', 1, NULL, 'candidate', 'staff_3', 'b847e63c-0565-11ef-b6ef-e02e0bf8bf06', NULL, NULL);
INSERT INTO `act_ru_identitylink` VALUES ('b848346d-0565-11ef-b6ef-e02e0bf8bf06', 1, NULL, 'participant', 'staff_3', NULL, 'b83f81be-0565-11ef-b6ef-e02e0bf8bf06', NULL);

-- ----------------------------
-- Table structure for act_ru_integration
-- ----------------------------
DROP TABLE IF EXISTS `act_ru_integration`;
CREATE TABLE `act_ru_integration`  (
  `ID_` varchar(64) CHARACTER SET utf8mb3 COLLATE utf8mb3_bin NOT NULL,
  `EXECUTION_ID_` varchar(64) CHARACTER SET utf8mb3 COLLATE utf8mb3_bin NULL DEFAULT NULL,
  `PROCESS_INSTANCE_ID_` varchar(64) CHARACTER SET utf8mb3 COLLATE utf8mb3_bin NULL DEFAULT NULL,
  `PROC_DEF_ID_` varchar(64) CHARACTER SET utf8mb3 COLLATE utf8mb3_bin NULL DEFAULT NULL,
  `FLOW_NODE_ID_` varchar(64) CHARACTER SET utf8mb3 COLLATE utf8mb3_bin NULL DEFAULT NULL,
  `CREATED_DATE_` timestamp(3) NULL DEFAULT NULL,
  PRIMARY KEY (`ID_`) USING BTREE,
  INDEX `ACT_FK_INT_EXECUTION`(`EXECUTION_ID_`) USING BTREE,
  INDEX `ACT_FK_INT_PROC_INST`(`PROCESS_INSTANCE_ID_`) USING BTREE,
  INDEX `ACT_FK_INT_PROC_DEF`(`PROC_DEF_ID_`) USING BTREE,
  CONSTRAINT `ACT_FK_INT_EXECUTION` FOREIGN KEY (`EXECUTION_ID_`) REFERENCES `act_ru_execution` (`ID_`) ON DELETE CASCADE ON UPDATE RESTRICT,
  CONSTRAINT `ACT_FK_INT_PROC_DEF` FOREIGN KEY (`PROC_DEF_ID_`) REFERENCES `act_re_procdef` (`ID_`) ON DELETE RESTRICT ON UPDATE RESTRICT,
  CONSTRAINT `ACT_FK_INT_PROC_INST` FOREIGN KEY (`PROCESS_INSTANCE_ID_`) REFERENCES `act_ru_execution` (`ID_`) ON DELETE RESTRICT ON UPDATE RESTRICT
) ENGINE = InnoDB CHARACTER SET = utf8mb3 COLLATE = utf8mb3_bin ROW_FORMAT = Dynamic;

-- ----------------------------
-- Records of act_ru_integration
-- ----------------------------

-- ----------------------------
-- Table structure for act_ru_job
-- ----------------------------
DROP TABLE IF EXISTS `act_ru_job`;
CREATE TABLE `act_ru_job`  (
  `ID_` varchar(64) CHARACTER SET utf8mb3 COLLATE utf8mb3_bin NOT NULL,
  `REV_` int NULL DEFAULT NULL,
  `TYPE_` varchar(255) CHARACTER SET utf8mb3 COLLATE utf8mb3_bin NOT NULL,
  `LOCK_EXP_TIME_` timestamp(3) NULL DEFAULT NULL,
  `LOCK_OWNER_` varchar(255) CHARACTER SET utf8mb3 COLLATE utf8mb3_bin NULL DEFAULT NULL,
  `EXCLUSIVE_` tinyint(1) NULL DEFAULT NULL,
  `EXECUTION_ID_` varchar(64) CHARACTER SET utf8mb3 COLLATE utf8mb3_bin NULL DEFAULT NULL,
  `PROCESS_INSTANCE_ID_` varchar(64) CHARACTER SET utf8mb3 COLLATE utf8mb3_bin NULL DEFAULT NULL,
  `PROC_DEF_ID_` varchar(64) CHARACTER SET utf8mb3 COLLATE utf8mb3_bin NULL DEFAULT NULL,
  `RETRIES_` int NULL DEFAULT NULL,
  `EXCEPTION_STACK_ID_` varchar(64) CHARACTER SET utf8mb3 COLLATE utf8mb3_bin NULL DEFAULT NULL,
  `EXCEPTION_MSG_` varchar(4000) CHARACTER SET utf8mb3 COLLATE utf8mb3_bin NULL DEFAULT NULL,
  `DUEDATE_` timestamp(3) NULL DEFAULT NULL,
  `REPEAT_` varchar(255) CHARACTER SET utf8mb3 COLLATE utf8mb3_bin NULL DEFAULT NULL,
  `HANDLER_TYPE_` varchar(255) CHARACTER SET utf8mb3 COLLATE utf8mb3_bin NULL DEFAULT NULL,
  `HANDLER_CFG_` varchar(4000) CHARACTER SET utf8mb3 COLLATE utf8mb3_bin NULL DEFAULT NULL,
  `TENANT_ID_` varchar(255) CHARACTER SET utf8mb3 COLLATE utf8mb3_bin NULL DEFAULT '',
  PRIMARY KEY (`ID_`) USING BTREE,
  INDEX `ACT_FK_JOB_EXECUTION`(`EXECUTION_ID_`) USING BTREE,
  INDEX `ACT_FK_JOB_PROCESS_INSTANCE`(`PROCESS_INSTANCE_ID_`) USING BTREE,
  INDEX `ACT_FK_JOB_PROC_DEF`(`PROC_DEF_ID_`) USING BTREE,
  INDEX `ACT_FK_JOB_EXCEPTION`(`EXCEPTION_STACK_ID_`) USING BTREE,
  CONSTRAINT `ACT_FK_JOB_EXCEPTION` FOREIGN KEY (`EXCEPTION_STACK_ID_`) REFERENCES `act_ge_bytearray` (`ID_`) ON DELETE RESTRICT ON UPDATE RESTRICT,
  CONSTRAINT `ACT_FK_JOB_EXECUTION` FOREIGN KEY (`EXECUTION_ID_`) REFERENCES `act_ru_execution` (`ID_`) ON DELETE RESTRICT ON UPDATE RESTRICT,
  CONSTRAINT `ACT_FK_JOB_PROC_DEF` FOREIGN KEY (`PROC_DEF_ID_`) REFERENCES `act_re_procdef` (`ID_`) ON DELETE RESTRICT ON UPDATE RESTRICT,
  CONSTRAINT `ACT_FK_JOB_PROCESS_INSTANCE` FOREIGN KEY (`PROCESS_INSTANCE_ID_`) REFERENCES `act_ru_execution` (`ID_`) ON DELETE RESTRICT ON UPDATE RESTRICT
) ENGINE = InnoDB CHARACTER SET = utf8mb3 COLLATE = utf8mb3_bin ROW_FORMAT = Dynamic;

-- ----------------------------
-- Records of act_ru_job
-- ----------------------------

-- ----------------------------
-- Table structure for act_ru_suspended_job
-- ----------------------------
DROP TABLE IF EXISTS `act_ru_suspended_job`;
CREATE TABLE `act_ru_suspended_job`  (
  `ID_` varchar(64) CHARACTER SET utf8mb3 COLLATE utf8mb3_bin NOT NULL,
  `REV_` int NULL DEFAULT NULL,
  `TYPE_` varchar(255) CHARACTER SET utf8mb3 COLLATE utf8mb3_bin NOT NULL,
  `EXCLUSIVE_` tinyint(1) NULL DEFAULT NULL,
  `EXECUTION_ID_` varchar(64) CHARACTER SET utf8mb3 COLLATE utf8mb3_bin NULL DEFAULT NULL,
  `PROCESS_INSTANCE_ID_` varchar(64) CHARACTER SET utf8mb3 COLLATE utf8mb3_bin NULL DEFAULT NULL,
  `PROC_DEF_ID_` varchar(64) CHARACTER SET utf8mb3 COLLATE utf8mb3_bin NULL DEFAULT NULL,
  `RETRIES_` int NULL DEFAULT NULL,
  `EXCEPTION_STACK_ID_` varchar(64) CHARACTER SET utf8mb3 COLLATE utf8mb3_bin NULL DEFAULT NULL,
  `EXCEPTION_MSG_` varchar(4000) CHARACTER SET utf8mb3 COLLATE utf8mb3_bin NULL DEFAULT NULL,
  `DUEDATE_` timestamp(3) NULL DEFAULT NULL,
  `REPEAT_` varchar(255) CHARACTER SET utf8mb3 COLLATE utf8mb3_bin NULL DEFAULT NULL,
  `HANDLER_TYPE_` varchar(255) CHARACTER SET utf8mb3 COLLATE utf8mb3_bin NULL DEFAULT NULL,
  `HANDLER_CFG_` varchar(4000) CHARACTER SET utf8mb3 COLLATE utf8mb3_bin NULL DEFAULT NULL,
  `TENANT_ID_` varchar(255) CHARACTER SET utf8mb3 COLLATE utf8mb3_bin NULL DEFAULT '',
  PRIMARY KEY (`ID_`) USING BTREE,
  INDEX `ACT_FK_SUSPENDED_JOB_EXECUTION`(`EXECUTION_ID_`) USING BTREE,
  INDEX `ACT_FK_SUSPENDED_JOB_PROCESS_INSTANCE`(`PROCESS_INSTANCE_ID_`) USING BTREE,
  INDEX `ACT_FK_SUSPENDED_JOB_PROC_DEF`(`PROC_DEF_ID_`) USING BTREE,
  INDEX `ACT_FK_SUSPENDED_JOB_EXCEPTION`(`EXCEPTION_STACK_ID_`) USING BTREE,
  CONSTRAINT `ACT_FK_SUSPENDED_JOB_EXCEPTION` FOREIGN KEY (`EXCEPTION_STACK_ID_`) REFERENCES `act_ge_bytearray` (`ID_`) ON DELETE RESTRICT ON UPDATE RESTRICT,
  CONSTRAINT `ACT_FK_SUSPENDED_JOB_EXECUTION` FOREIGN KEY (`EXECUTION_ID_`) REFERENCES `act_ru_execution` (`ID_`) ON DELETE RESTRICT ON UPDATE RESTRICT,
  CONSTRAINT `ACT_FK_SUSPENDED_JOB_PROC_DEF` FOREIGN KEY (`PROC_DEF_ID_`) REFERENCES `act_re_procdef` (`ID_`) ON DELETE RESTRICT ON UPDATE RESTRICT,
  CONSTRAINT `ACT_FK_SUSPENDED_JOB_PROCESS_INSTANCE` FOREIGN KEY (`PROCESS_INSTANCE_ID_`) REFERENCES `act_ru_execution` (`ID_`) ON DELETE RESTRICT ON UPDATE RESTRICT
) ENGINE = InnoDB CHARACTER SET = utf8mb3 COLLATE = utf8mb3_bin ROW_FORMAT = Dynamic;

-- ----------------------------
-- Records of act_ru_suspended_job
-- ----------------------------

-- ----------------------------
-- Table structure for act_ru_task
-- ----------------------------
DROP TABLE IF EXISTS `act_ru_task`;
CREATE TABLE `act_ru_task`  (
  `ID_` varchar(64) CHARACTER SET utf8mb3 COLLATE utf8mb3_bin NOT NULL,
  `REV_` int NULL DEFAULT NULL,
  `EXECUTION_ID_` varchar(64) CHARACTER SET utf8mb3 COLLATE utf8mb3_bin NULL DEFAULT NULL,
  `PROC_INST_ID_` varchar(64) CHARACTER SET utf8mb3 COLLATE utf8mb3_bin NULL DEFAULT NULL,
  `PROC_DEF_ID_` varchar(64) CHARACTER SET utf8mb3 COLLATE utf8mb3_bin NULL DEFAULT NULL,
  `NAME_` varchar(255) CHARACTER SET utf8mb3 COLLATE utf8mb3_bin NULL DEFAULT NULL,
  `PARENT_TASK_ID_` varchar(64) CHARACTER SET utf8mb3 COLLATE utf8mb3_bin NULL DEFAULT NULL,
  `DESCRIPTION_` varchar(4000) CHARACTER SET utf8mb3 COLLATE utf8mb3_bin NULL DEFAULT NULL,
  `TASK_DEF_KEY_` varchar(255) CHARACTER SET utf8mb3 COLLATE utf8mb3_bin NULL DEFAULT NULL,
  `OWNER_` varchar(255) CHARACTER SET utf8mb3 COLLATE utf8mb3_bin NULL DEFAULT NULL,
  `ASSIGNEE_` varchar(255) CHARACTER SET utf8mb3 COLLATE utf8mb3_bin NULL DEFAULT NULL,
  `DELEGATION_` varchar(64) CHARACTER SET utf8mb3 COLLATE utf8mb3_bin NULL DEFAULT NULL,
  `PRIORITY_` int NULL DEFAULT NULL,
  `CREATE_TIME_` timestamp(3) NULL DEFAULT NULL,
  `DUE_DATE_` datetime(3) NULL DEFAULT NULL,
  `CATEGORY_` varchar(255) CHARACTER SET utf8mb3 COLLATE utf8mb3_bin NULL DEFAULT NULL,
  `SUSPENSION_STATE_` int NULL DEFAULT NULL,
  `TENANT_ID_` varchar(255) CHARACTER SET utf8mb3 COLLATE utf8mb3_bin NULL DEFAULT '',
  `FORM_KEY_` varchar(255) CHARACTER SET utf8mb3 COLLATE utf8mb3_bin NULL DEFAULT NULL,
  `CLAIM_TIME_` datetime(3) NULL DEFAULT NULL,
  PRIMARY KEY (`ID_`) USING BTREE,
  INDEX `ACT_IDX_TASK_CREATE`(`CREATE_TIME_`) USING BTREE,
  INDEX `ACT_FK_TASK_EXE`(`EXECUTION_ID_`) USING BTREE,
  INDEX `ACT_FK_TASK_PROCINST`(`PROC_INST_ID_`) USING BTREE,
  INDEX `ACT_FK_TASK_PROCDEF`(`PROC_DEF_ID_`) USING BTREE,
  CONSTRAINT `ACT_FK_TASK_EXE` FOREIGN KEY (`EXECUTION_ID_`) REFERENCES `act_ru_execution` (`ID_`) ON DELETE RESTRICT ON UPDATE RESTRICT,
  CONSTRAINT `ACT_FK_TASK_PROCDEF` FOREIGN KEY (`PROC_DEF_ID_`) REFERENCES `act_re_procdef` (`ID_`) ON DELETE RESTRICT ON UPDATE RESTRICT,
  CONSTRAINT `ACT_FK_TASK_PROCINST` FOREIGN KEY (`PROC_INST_ID_`) REFERENCES `act_ru_execution` (`ID_`) ON DELETE RESTRICT ON UPDATE RESTRICT
) ENGINE = InnoDB CHARACTER SET = utf8mb3 COLLATE = utf8mb3_bin ROW_FORMAT = Dynamic;

-- ----------------------------
-- Records of act_ru_task
-- ----------------------------
INSERT INTO `act_ru_task` VALUES ('a93e1336-0568-11ef-b6df-e02e0bf8bf06', 2, 'a926456b-0568-11ef-b6df-e02e0bf8bf06', 'a9242288-0568-11ef-b6df-e02e0bf8bf06', 'leave:1:99ef2135-0551-11ef-9f76-e02e0bf8bf06', '人事审批', NULL, NULL, 'hr_audit', NULL, 'staff_3', NULL, 50, '2024-04-28 22:07:34.593', NULL, NULL, 1, '', NULL, '2024-04-28 22:08:32.879');
INSERT INTO `act_ru_task` VALUES ('aaaa3c09-056a-11ef-ae6d-e02e0bf8bf06', 1, 'aa97ec7e-056a-11ef-ae6d-e02e0bf8bf06', 'aa9665db-056a-11ef-ae6d-e02e0bf8bf06', 'leave:1:99ef2135-0551-11ef-9f76-e02e0bf8bf06', '人事审批', NULL, NULL, 'hr_audit', NULL, NULL, NULL, 50, '2024-04-28 22:21:55.973', NULL, NULL, 1, '', NULL, NULL);
INSERT INTO `act_ru_task` VALUES ('b847e63c-0565-11ef-b6ef-e02e0bf8bf06', 4, 'b83f81c1-0565-11ef-b6ef-e02e0bf8bf06', 'b83f81be-0565-11ef-b6ef-e02e0bf8bf06', 'leave:1:99ef2135-0551-11ef-9f76-e02e0bf8bf06', '人事审批', NULL, NULL, 'hr_audit', NULL, 'admin', NULL, 50, '2024-04-28 21:46:31.332', NULL, NULL, 1, '', NULL, '2024-04-28 22:21:19.221');

-- ----------------------------
-- Table structure for act_ru_timer_job
-- ----------------------------
DROP TABLE IF EXISTS `act_ru_timer_job`;
CREATE TABLE `act_ru_timer_job`  (
  `ID_` varchar(64) CHARACTER SET utf8mb3 COLLATE utf8mb3_bin NOT NULL,
  `REV_` int NULL DEFAULT NULL,
  `TYPE_` varchar(255) CHARACTER SET utf8mb3 COLLATE utf8mb3_bin NOT NULL,
  `LOCK_EXP_TIME_` timestamp(3) NULL DEFAULT NULL,
  `LOCK_OWNER_` varchar(255) CHARACTER SET utf8mb3 COLLATE utf8mb3_bin NULL DEFAULT NULL,
  `EXCLUSIVE_` tinyint(1) NULL DEFAULT NULL,
  `EXECUTION_ID_` varchar(64) CHARACTER SET utf8mb3 COLLATE utf8mb3_bin NULL DEFAULT NULL,
  `PROCESS_INSTANCE_ID_` varchar(64) CHARACTER SET utf8mb3 COLLATE utf8mb3_bin NULL DEFAULT NULL,
  `PROC_DEF_ID_` varchar(64) CHARACTER SET utf8mb3 COLLATE utf8mb3_bin NULL DEFAULT NULL,
  `RETRIES_` int NULL DEFAULT NULL,
  `EXCEPTION_STACK_ID_` varchar(64) CHARACTER SET utf8mb3 COLLATE utf8mb3_bin NULL DEFAULT NULL,
  `EXCEPTION_MSG_` varchar(4000) CHARACTER SET utf8mb3 COLLATE utf8mb3_bin NULL DEFAULT NULL,
  `DUEDATE_` timestamp(3) NULL DEFAULT NULL,
  `REPEAT_` varchar(255) CHARACTER SET utf8mb3 COLLATE utf8mb3_bin NULL DEFAULT NULL,
  `HANDLER_TYPE_` varchar(255) CHARACTER SET utf8mb3 COLLATE utf8mb3_bin NULL DEFAULT NULL,
  `HANDLER_CFG_` varchar(4000) CHARACTER SET utf8mb3 COLLATE utf8mb3_bin NULL DEFAULT NULL,
  `TENANT_ID_` varchar(255) CHARACTER SET utf8mb3 COLLATE utf8mb3_bin NULL DEFAULT '',
  PRIMARY KEY (`ID_`) USING BTREE,
  INDEX `ACT_FK_TIMER_JOB_EXECUTION`(`EXECUTION_ID_`) USING BTREE,
  INDEX `ACT_FK_TIMER_JOB_PROCESS_INSTANCE`(`PROCESS_INSTANCE_ID_`) USING BTREE,
  INDEX `ACT_FK_TIMER_JOB_PROC_DEF`(`PROC_DEF_ID_`) USING BTREE,
  INDEX `ACT_FK_TIMER_JOB_EXCEPTION`(`EXCEPTION_STACK_ID_`) USING BTREE,
  CONSTRAINT `ACT_FK_TIMER_JOB_EXCEPTION` FOREIGN KEY (`EXCEPTION_STACK_ID_`) REFERENCES `act_ge_bytearray` (`ID_`) ON DELETE RESTRICT ON UPDATE RESTRICT,
  CONSTRAINT `ACT_FK_TIMER_JOB_EXECUTION` FOREIGN KEY (`EXECUTION_ID_`) REFERENCES `act_ru_execution` (`ID_`) ON DELETE RESTRICT ON UPDATE RESTRICT,
  CONSTRAINT `ACT_FK_TIMER_JOB_PROC_DEF` FOREIGN KEY (`PROC_DEF_ID_`) REFERENCES `act_re_procdef` (`ID_`) ON DELETE RESTRICT ON UPDATE RESTRICT,
  CONSTRAINT `ACT_FK_TIMER_JOB_PROCESS_INSTANCE` FOREIGN KEY (`PROCESS_INSTANCE_ID_`) REFERENCES `act_ru_execution` (`ID_`) ON DELETE RESTRICT ON UPDATE RESTRICT
) ENGINE = InnoDB CHARACTER SET = utf8mb3 COLLATE = utf8mb3_bin ROW_FORMAT = Dynamic;

-- ----------------------------
-- Records of act_ru_timer_job
-- ----------------------------

-- ----------------------------
-- Table structure for act_ru_variable
-- ----------------------------
DROP TABLE IF EXISTS `act_ru_variable`;
CREATE TABLE `act_ru_variable`  (
  `ID_` varchar(64) CHARACTER SET utf8mb3 COLLATE utf8mb3_bin NOT NULL,
  `REV_` int NULL DEFAULT NULL,
  `TYPE_` varchar(255) CHARACTER SET utf8mb3 COLLATE utf8mb3_bin NOT NULL,
  `NAME_` varchar(255) CHARACTER SET utf8mb3 COLLATE utf8mb3_bin NOT NULL,
  `EXECUTION_ID_` varchar(64) CHARACTER SET utf8mb3 COLLATE utf8mb3_bin NULL DEFAULT NULL,
  `PROC_INST_ID_` varchar(64) CHARACTER SET utf8mb3 COLLATE utf8mb3_bin NULL DEFAULT NULL,
  `TASK_ID_` varchar(64) CHARACTER SET utf8mb3 COLLATE utf8mb3_bin NULL DEFAULT NULL,
  `BYTEARRAY_ID_` varchar(64) CHARACTER SET utf8mb3 COLLATE utf8mb3_bin NULL DEFAULT NULL,
  `DOUBLE_` double NULL DEFAULT NULL,
  `LONG_` bigint NULL DEFAULT NULL,
  `TEXT_` varchar(4000) CHARACTER SET utf8mb3 COLLATE utf8mb3_bin NULL DEFAULT NULL,
  `TEXT2_` varchar(4000) CHARACTER SET utf8mb3 COLLATE utf8mb3_bin NULL DEFAULT NULL,
  PRIMARY KEY (`ID_`) USING BTREE,
  INDEX `ACT_IDX_VARIABLE_TASK_ID`(`TASK_ID_`) USING BTREE,
  INDEX `ACT_FK_VAR_EXE`(`EXECUTION_ID_`) USING BTREE,
  INDEX `ACT_FK_VAR_PROCINST`(`PROC_INST_ID_`) USING BTREE,
  INDEX `ACT_FK_VAR_BYTEARRAY`(`BYTEARRAY_ID_`) USING BTREE,
  CONSTRAINT `ACT_FK_VAR_BYTEARRAY` FOREIGN KEY (`BYTEARRAY_ID_`) REFERENCES `act_ge_bytearray` (`ID_`) ON DELETE RESTRICT ON UPDATE RESTRICT,
  CONSTRAINT `ACT_FK_VAR_EXE` FOREIGN KEY (`EXECUTION_ID_`) REFERENCES `act_ru_execution` (`ID_`) ON DELETE RESTRICT ON UPDATE RESTRICT,
  CONSTRAINT `ACT_FK_VAR_PROCINST` FOREIGN KEY (`PROC_INST_ID_`) REFERENCES `act_ru_execution` (`ID_`) ON DELETE RESTRICT ON UPDATE RESTRICT
) ENGINE = InnoDB CHARACTER SET = utf8mb3 COLLATE = utf8mb3_bin ROW_FORMAT = Dynamic;

-- ----------------------------
-- Records of act_ru_variable
-- ----------------------------
INSERT INTO `act_ru_variable` VALUES ('a9255b09-0568-11ef-b6df-e02e0bf8bf06', 1, 'string', 'staff', 'a9242288-0568-11ef-b6df-e02e0bf8bf06', 'a9242288-0568-11ef-b6df-e02e0bf8bf06', NULL, NULL, NULL, NULL, 'staff_2', NULL);
INSERT INTO `act_ru_variable` VALUES ('a93c6582-0568-11ef-b6df-e02e0bf8bf06', 1, 'string', 'hr', 'a9242288-0568-11ef-b6df-e02e0bf8bf06', 'a9242288-0568-11ef-b6df-e02e0bf8bf06', NULL, NULL, NULL, NULL, 'staff_9,staff_14,staff_18,staff_32,staff_31,staff_3,admin', NULL);
INSERT INTO `act_ru_variable` VALUES ('a93e1337-0568-11ef-b6df-e02e0bf8bf06', 1, 'string', 'staff', 'a926456b-0568-11ef-b6df-e02e0bf8bf06', 'a9242288-0568-11ef-b6df-e02e0bf8bf06', 'a93e1336-0568-11ef-b6df-e02e0bf8bf06', NULL, NULL, NULL, 'staff_2', NULL);
INSERT INTO `act_ru_variable` VALUES ('a93e3a49-0568-11ef-b6df-e02e0bf8bf06', 1, 'string', 'hr', 'a926456b-0568-11ef-b6df-e02e0bf8bf06', 'a9242288-0568-11ef-b6df-e02e0bf8bf06', 'a93e1336-0568-11ef-b6df-e02e0bf8bf06', NULL, NULL, NULL, 'staff_9,staff_14,staff_18,staff_32,staff_31,staff_3,admin', NULL);
INSERT INTO `act_ru_variable` VALUES ('aa97292c-056a-11ef-ae6d-e02e0bf8bf06', 1, 'string', 'staff', 'aa9665db-056a-11ef-ae6d-e02e0bf8bf06', 'aa9665db-056a-11ef-ae6d-e02e0bf8bf06', NULL, NULL, NULL, NULL, 'staff_5', NULL);
INSERT INTO `act_ru_variable` VALUES ('aaa84035-056a-11ef-ae6d-e02e0bf8bf06', 1, 'string', 'hr', 'aa9665db-056a-11ef-ae6d-e02e0bf8bf06', 'aa9665db-056a-11ef-ae6d-e02e0bf8bf06', NULL, NULL, NULL, NULL, 'staff_9,staff_14,staff_18,staff_32,staff_31,staff_3,admin', NULL);
INSERT INTO `act_ru_variable` VALUES ('aaaa631a-056a-11ef-ae6d-e02e0bf8bf06', 1, 'string', 'staff', 'aa97ec7e-056a-11ef-ae6d-e02e0bf8bf06', 'aa9665db-056a-11ef-ae6d-e02e0bf8bf06', 'aaaa3c09-056a-11ef-ae6d-e02e0bf8bf06', NULL, NULL, NULL, 'staff_5', NULL);
INSERT INTO `act_ru_variable` VALUES ('aaaa631c-056a-11ef-ae6d-e02e0bf8bf06', 1, 'string', 'hr', 'aa97ec7e-056a-11ef-ae6d-e02e0bf8bf06', 'aa9665db-056a-11ef-ae6d-e02e0bf8bf06', 'aaaa3c09-056a-11ef-ae6d-e02e0bf8bf06', NULL, NULL, NULL, 'staff_9,staff_14,staff_18,staff_32,staff_31,staff_3,admin', NULL);
INSERT INTO `act_ru_variable` VALUES ('b83f81bf-0565-11ef-b6ef-e02e0bf8bf06', 1, 'string', 'staff', 'b83f81be-0565-11ef-b6ef-e02e0bf8bf06', 'b83f81be-0565-11ef-b6ef-e02e0bf8bf06', NULL, NULL, NULL, NULL, 'admin', NULL);
INSERT INTO `act_ru_variable` VALUES ('b845ea68-0565-11ef-b6ef-e02e0bf8bf06', 1, 'string', 'hr', 'b83f81be-0565-11ef-b6ef-e02e0bf8bf06', 'b83f81be-0565-11ef-b6ef-e02e0bf8bf06', NULL, NULL, NULL, NULL, 'staff_9,staff_14,staff_18,staff_32,staff_31,admin,staff_3', NULL);
INSERT INTO `act_ru_variable` VALUES ('b847e63d-0565-11ef-b6ef-e02e0bf8bf06', 1, 'string', 'staff', 'b83f81c1-0565-11ef-b6ef-e02e0bf8bf06', 'b83f81be-0565-11ef-b6ef-e02e0bf8bf06', 'b847e63c-0565-11ef-b6ef-e02e0bf8bf06', NULL, NULL, NULL, 'admin', NULL);
INSERT INTO `act_ru_variable` VALUES ('b847e63f-0565-11ef-b6ef-e02e0bf8bf06', 1, 'string', 'hr', 'b83f81c1-0565-11ef-b6ef-e02e0bf8bf06', 'b83f81be-0565-11ef-b6ef-e02e0bf8bf06', 'b847e63c-0565-11ef-b6ef-e02e0bf8bf06', NULL, NULL, NULL, 'staff_9,staff_14,staff_18,staff_32,staff_31,admin,staff_3', NULL);

SET FOREIGN_KEY_CHECKS = 1;
